"year","last_name, first_name","pitcher_id","team_name","team_name_abbrev","pitch_hand","avg_speed","pitches_thrown","total_pitches","pitches_per_game","pitch_per","pitch_type","pitch_type_name","pitcher_break_z","league_break_z","diff_z","rise","pitcher_break_z_induced","pitcher_break_x","league_break_x","diff_x","tail","percent_rank_diff_z","percent_rank_diff_x"
"2026","Burns, Chase","695505","Reds","CIN","R","90.2","783","2041",17.15126050420168,0.3836354728074473,"SL","Slider",33.2,-31.1,2.2,"7",0.3,3.2,2.8,0.4,"13",0.75177304964539,0.5921985815602837
"2026","Sale, Chris","519242","Braves","ATL","L","79.5","775","1969",16.272727272727273,0.393600812595226,"SL","Slider",47.8,-44.6,3.1,"7",-4.3,12.5,9.8,2.7,"28",0.8404255319148937,0.8829787234042553
"2026","deGrom, Jacob","594798","Rangers","TEX","R","91.2","723","1971",16.289256198347108,0.3668188736681887,"SL","Slider",29.6,-29.9,-0.4,"-1",3.2,4.7,3.2,1.5,"49",0.48226950354609927,0.7695035460992907
"2026","Detmers, Reid","672282","Angels","LAA","L","86.1","719","2217",18.322314049586776,0.3243121335137573,"SL","Slider",40.7,-35.6,5,"14",-3.7,3.5,3.9,-0.3,"-9",0.9290780141843972,0.43617021276595747
"2026","Rocker, Kumar","677958","Rangers","TEX","R","83.1","716","1843",15.231404958677686,0.38849701573521433,"SL","Slider",43.4,-38.6,4.8,"12",-3.9,0.9,4.3,-3.4,"-80",0.9184397163120568,0.08156028368794327
"2026","Cease, Dylan","656302","Blue Jays","TOR","R","89","664","2243",18.385245901639344,0.29603209986625056,"SL","Slider",31,-32.4,-1.4,"-4",3.4,1.4,3.5,-2.1,"-60",0.3404255319148936,0.18439716312056736
"2026","Holmes, Grant","656550","Braves","ATL","R","85.4","657","1812",14.975206611570249,0.36258278145695366,"SL","Slider",40.6,-36.5,4.1,"11",-3.3,1.9,3.7,-1.9,"-50",0.8900709219858156,0.21631205673758866
"2026","Okert, Steven","595345","Astros","HOU","L","81.1","628","928",7.60655737704918,0.6767241379310345,"SL","Slider",34.2,-40.2,-6,"-15",7.4,7.5,5.3,2.2,"41",0.014184397163120567,0.8368794326241135
"2026","Pallante, Andre","669467","Cardinals","STL","R","87.7","627","2115",17.479338842975206,0.29645390070921984,"SL","Slider",34.6,-33.8,0.8,"2",0.8,4.8,4,0.8,"21",0.6312056737588653,0.6595744680851063
"2026","Imai, Tatsuya","837227","Astros","HOU","R","86.7","562","1240",10.163934426229508,0.4532258064516129,"SL","Slider",35.7,-35.3,0.4,"1",1.1,4.2,2.9,-7.1,"-246",0.5815602836879432,0
"2026","Bradish, Kyle","680694","Orioles","BAL","R","87.3","546","2109",17.429752066115704,0.25889046941678523,"SL","Slider",36.1,-34.2,1.9,"6",-0.1,13,3.7,9.3,"247",0.7269503546099291,0.9964539007092199
"2026","Ray, Robbie","592662","Padres","SD","L","85.9","545","2237",18.33606557377049,0.24362986142154672,"SL","Slider",30.6,-35.8,-5.2,"-15",6.3,1.4,3.8,-2.4,"-64",0.031914893617021274,0.16312056737588654
"2026","Gilbert, Logan","669302","Mariners","SEA","R","86.6","537","2162",17.867768595041323,0.24838112858464384,"SL","Slider",38.4,-36.1,2.2,"6",-2,1.1,3,-1.9,"-63",0.75177304964539,0.21631205673758866
"2026","Singer, Brady","663903","Reds","CIN","R","82.5","534","2076",17.445378151260503,0.25722543352601157,"SL","Slider",41.4,-39.6,1.8,"4",-1.4,4.7,6.2,-1.5,"-25",0.7056737588652482,0.2872340425531915
"2026","Littell, Zack","641793","D-backs","AZ","R","88.2","527","1826",14.967213114754099,0.28860898138006574,"SL","Slider",24.6,-33.2,-8.6,"-26",10.2,1.5,3.3,-1.8,"-55",0.0035460992907801418,0.23049645390070922
"2026","Sheehan, Emmet","686218","Dodgers","LAD","R","86.6","510","1698",14.03305785123967,0.3003533568904594,"SL","Slider",33.5,-35,-1.5,"-4",2.8,2.5,4.2,-1.8,"-42",0.3333333333333333,0.23049645390070922
"2026","Wrobleski, Justin","680736","Dodgers","LAD","L","86.3","507","1793",14.818181818181818,0.28276631344116004,"SL","Slider",36.5,-35.7,0.8,"2",0.1,3.5,2.1,1.5,"71",0.6312056737588653,0.7695035460992907
"2026","Castillo, Luis","622491","White Sox","CWS","R","85.6","503","1941",16.310924369747898,0.25914477073673364,"SL","Slider",35.6,-35.6,0,"0",1.5,0.8,1.8,-1.1,"-58",0.5283687943262412,0.3191489361702128
"2026","Fisher, Braydon","680755","Blue Jays","TOR","R","88.3","490","970",7.950819672131147,0.5051546391752577,"SL","Slider",30.4,-32.4,-2,"-6",4.6,0.9,2.3,-1.4,"-60",0.2624113475177305,0.2978723404255319
"2026","Lopez, Jacob","682052","Athletics","ATH","L","76.7","489","1505",12.438016528925619,0.32491694352159467,"SL","Slider",44.2,-46,-1.8,"-4",2.4,9.8,10.6,-0.8,"-7",0.29432624113475175,0.36879432624113473
"2026","Elder, Bryce","693821","Braves","ATL","R","83.1","479","1988",16.429752066115704,0.2409456740442656,"SL","Slider",42.7,-38.6,4.1,"11",-3.3,3.3,4,-0.6,"-16",0.8900709219858156,0.40425531914893614
"2026","Ashcraft, Braxton","677952","Pirates","PIT","R","91.7","468","2019",16.549180327868854,0.23179791976225855,"SL","Slider",27.8,-29.8,-2,"-7",4.5,1,2.3,-1.2,"-54",0.2624113475177305,0.3120567375886525
"2026","Meyer, Max","676974","Marlins","MIA","R","90.1","466","1789",14.785123966942148,0.2604807154835103,"SL","Slider",35.3,-31.3,4,"13",-1.6,0.9,2.6,-1.7,"-64",0.8829787234042553,0.24822695035460993
"2026","Springs, Jeffrey","605488","Athletics","ATH","L","84.1","465","1875",15.49586776859504,0.248,"SL","Slider",36.8,-37.7,-1,"-3",1.8,4.1,4,0.1,"3",0.3900709219858156,0.524822695035461
"2026","Sánchez, Cristopher","650911","Phillies","PHI","L","86.3","464","2389",19.581967213114755,0.19422352448723315,"SL","Slider",40.6,-35.5,5.1,"14",-3.7,1.3,4,-2.7,"-67",0.9397163120567376,0.1347517730496454
"2026","Liberatore, Matthew","669461","Cardinals","STL","L","86.4","457","1914",15.818181818181818,0.2387669801462905,"SL","Slider",35.6,-35,0.6,"2",0.8,4.3,3.7,0.5,"14",0.6134751773049646,0.6063829787234043
"2026","Lee, Dylan","669276","Braves","ATL","L","82.9","450","848",7.008264462809917,0.5306603773584906,"SL","Slider",36.2,-38.9,-2.8,"-7",3.5,1.6,3.5,-1.9,"-54",0.19148936170212766,0.21631205673758866
"2026","Lowder, Rhett","695076","Reds","CIN","R","84.9","448","1603",13.470588235294118,0.2794759825327511,"SL","Slider",38.8,-36.8,2,"5",-1,2.5,3.9,-1.5,"-38",0.7375886524822695,0.2872340425531915
"2026","Kinley, Tyler","641755","Braves","ATL","R","87.1","441","666",5.5041322314049586,0.6621621621621622,"SL","Slider",32.9,-34,-1.1,"-3",2.9,2,2.9,-0.9,"-30",0.3829787234042553,0.34397163120567376
"2026","Miller, Mason","695243","Padres","SD","R","87.9","430","834",6.836065573770492,0.5155875299760192,"SL","Slider",39.7,-33.8,5.9,"18",-4.1,9.9,4,5.9,"146",0.9609929078014184,0.9716312056737588
"2026","Mikolas, Miles","571945","Nationals","WSH","R","87.9","424","1826",14.967213114754099,0.2322015334063527,"SL","Slider",28.8,-33.1,-4.3,"-13",6.4,2.7,3,-0.3,"-11",0.07446808510638298,0.43617021276595747
"2026","Prielipp, Connor","687570","Twins","MIN","L","87.5","417","1412",11.573770491803279,0.2953257790368272,"SL","Slider",34.7,-34.1,0.6,"2",0.8,3.3,2.9,0.3,"11",0.6134751773049646,0.5709219858156028
"2026","Fermin, José","820862","Angels","LAA","R","90.4","417","720",5.950413223140496,0.5791666666666667,"SL","Slider",31.4,-30.9,0.5,"2",2.1,1.5,2.3,-3.8,"-166",0.5886524822695035,0.05673758865248227
"2026","Peterson, David","656849","Cubs","CHC","L","86.2","416","1830",15.12396694214876,0.2273224043715847,"SL","Slider",34.1,-35.7,-1.6,"-5",2.5,2.5,3.9,-1.4,"-37",0.31560283687943264,0.2978723404255319
"2026","Hoffman, Jeff","656546","Twins","MIN","R","86.5","413","968",7.934426229508197,0.42665289256198347,"SL","Slider",37.8,-35.2,2.7,"8",-1.4,3.6,4,-0.3,"-9",0.7872340425531915,0.43617021276595747
"2026","Chandler, Bubba","696149","Pirates","PIT","R","90.7","413","1987",16.28688524590164,0.2078510317060896,"SL","Slider",29.6,-30.4,-0.8,"-3",3.5,1.7,3.3,-1.6,"-48",0.4326241134751773,0.26595744680851063
"2026","Flaherty, Jack","656427","Tigers","DET","R","85","397","1639",13.658333333333333,0.2422208663819402,"SL","Slider",34.4,-36.6,-2.3,"-6",3.4,5.8,4.6,1.3,"27",0.23404255319148937,0.7340425531914894
"2026","Mize, Casey","663554","Padres","SD","R","87.7","394","1478",12.114754098360656,0.2665764546684709,"SL","Slider",30.3,-33.9,-3.6,"-11",5.1,3.5,4,-0.5,"-13",0.12056737588652482,0.41134751773049644
"2026","Ginkel, Kevin","656464","D-backs","AZ","R","85.4","388","795",6.516393442622951,0.4880503144654088,"SL","Slider",40.1,-36.5,3.6,"10",-2.8,4.2,3.7,0.5,"13",0.8687943262411347,0.6063829787234043
"2026","Bachman, Sam","696147","Angels","LAA","R","88.5","387","761",6.289256198347108,0.5085413929040736,"SL","Slider",36.2,-33.3,2.9,"9",-1.3,2.2,3.1,-0.9,"-30",0.8156028368794326,0.34397163120567376
"2026","Corbin, Patrick","571578","Blue Jays","TOR","L","79","387","1412",11.573770491803279,0.27407932011331443,"SL","Slider",44.9,-43.1,1.8,"4",-0.9,3.1,5.2,-2.1,"-40",0.7056737588652482,0.18439716312056736
"2026","Scott, Tanner","656945","Dodgers","LAD","L","89.4","381","704",5.818181818181818,0.5411931818181818,"SL","Slider",31.9,-32.2,-0.3,"-1",2.1,6.1,3.3,2.8,"85",0.4929078014184397,0.8971631205673759
"2026","Yesavage, Trey","702056","Blue Jays","TOR","R","87.6","381","1549",12.69672131147541,0.2459651387992253,"SL","Slider",30.3,-31,-0.8,"-2",5.2,3.4,0.5,-3.9,"-755",0.4326241134751773,0.04609929078014184
"2026","Sasaki, Roki","808963","Dodgers","LAD","R","86.6","380","1786",14.760330578512397,0.2127659574468085,"SL","Slider",38.2,-35.6,2.7,"7",-1.9,1.3,3.8,-2.5,"-65",0.7872340425531915,0.1524822695035461
"2026","López, Reynaldo","625643","Braves","ATL","R","84.1","377","1226",10.132231404958677,0.3075040783034258,"SL","Slider",38.3,-37.4,0.9,"2",0.2,5.4,4.6,0.8,"18",0.6453900709219859,0.6595744680851063
"2026","Burke, Sean","680732","White Sox","CWS","R","86.6","368","2184",18.352941176470587,0.1684981684981685,"SL","Slider",32.7,-35.1,-2.4,"-7",3.6,5.5,4,1.5,"37",0.2198581560283688,0.7695035460992907
"2026","Abreu, Bryan","650556","Astros","HOU","R","86.4","360","777",6.368852459016393,0.46332046332046334,"SL","Slider",41.9,-35.2,6.7,"19",-5.2,6.4,3.9,2.5,"63",0.9716312056737588,0.8617021276595744
"2026","Gallen, Zac","668678","D-backs","AZ","R","88.7","353","1636",13.40983606557377,0.21577017114914426,"SL","Slider",30.5,-32.7,-2.1,"-7",4.2,4.5,3.8,0.7,"19",0.25177304964539005,0.6418439716312057
"2026","Feltner, Ryan","663372","Rockies","COL","R","89.1","349","1428",11.801652892561984,0.24439775910364145,"SL","Slider",28.6,-32.2,-3.7,"-11",5.4,4.7,3.7,1,"26",0.1099290780141844,0.6737588652482269
"2026","Jones, Jared","683003","Pirates","PIT","R","89.6","346","963",7.89344262295082,0.3592938733125649,"SL","Slider",32.5,-31.8,0.8,"2",1.3,3.2,3.5,-0.3,"-9",0.6312056737588653,0.43617021276595747
"2026","Muñoz, Andrés","662253","Mariners","SEA","R","87","345","715",5.909090909090909,0.4825174825174825,"SL","Slider",37,-34.4,2.6,"7",-1,6.4,4.2,2.2,"53",0.7730496453900709,0.8368794326241135
"2026","Montero, Keider","672456","Tigers","DET","R","85.9","334","1762",14.683333333333334,0.18955732122587968,"SL","Slider",35.1,-35.8,-0.7,"-2",2,6.4,3.9,2.6,"67",0.45390070921985815,0.8687943262411347
"2026","Gaddis, Hunter","683769","Guardians","CLE","R","89.6","334","698",5.768595041322314,0.4785100286532951,"SL","Slider",28.9,-31.9,-3,"-9",5.1,6.1,4,2.1,"54",0.1595744680851064,0.8333333333333334
"2026","Parker, Mitchell","680730","Nationals","WSH","L","83.2","331","663",5.434426229508197,0.49924585218702866,"SL","Slider",39.3,-38.6,0.7,"2",0.2,8,4.3,3.7,"85",0.6276595744680851,0.9361702127659575
"2026","Matthews, Zebby","805673","Twins","MIN","R","87.1","317","1480",12.131147540983607,0.2141891891891892,"SL","Slider",33.1,-34.5,-1.4,"-4",2.8,3.4,3.8,-0.3,"-9",0.3404255319148936,0.43617021276595747
"2026","Leahy, Kyle","681517","Cardinals","STL","R","89.2","317","1932",15.96694214876033,0.16407867494824016,"SL","Slider",30.5,-32,-1.5,"-5",3.7,5.2,3.9,1.3,"32",0.3333333333333333,0.7340425531914894
"2026","Headrick, Brent","687396","Yankees","NYY","L","84.3","316","951",7.925,0.3322818086225026,"SL","Slider",34,-37.6,-3.7,"-10",4.7,3,3.8,-0.8,"-22",0.1099290780141844,0.36879432624113473
"2026","Woo, Bryan","693433","Mariners","SEA","R","87","312","2043",16.884297520661157,0.1527165932452276,"SL","Slider",34.3,-34.6,-0.3,"-1",1.6,2.5,4.1,-1.6,"-40",0.4929078014184397,0.26595744680851063
"2026","Canning, Griffin","656288","Padres","SD","R","87.7","299","1255",10.28688524590164,0.23824701195219122,"SL","Slider",38.9,-34.1,4.7,"14",-3.4,1.2,2.9,-1.7,"-59",0.9148936170212766,0.24822695035460993
"2026","Ginn, J.T.","669372","Athletics","ATH","R","85.5","299","1914",15.818181818181818,0.1562173458725183,"SL","Slider",40.3,-36.1,4.3,"12",-2.8,5.5,4.4,1.1,"25",0.900709219858156,0.6843971631205674
"2026","Beeter, Clayton","690925","Nationals","WSH","R","86.1","296","584",4.786885245901639,0.5068493150684932,"SL","Slider",42.6,-35.7,7,"20",-5.9,3.6,3.5,0.1,"4",0.9787234042553191,0.524822695035461
"2026","McDonald, Trevor","686790","Giants","SF","R","85.8","295","1137",9.396694214876034,0.2594547053649956,"SL","Slider",41.1,-35.8,5.3,"15",-4,10,4.6,5.4,"116",0.950354609929078,0.9680851063829787
"2026","Drohan, Shane","675660","Brewers","MIL","L","86.1","294","1455",12.024793388429751,0.2020618556701031,"SL","Slider",36.5,-35.7,0.9,"2",0,3.7,3.7,-0.1,"-2",0.6453900709219859,0.4787234042553192
"2026","McClanahan, Shane","663556","Rays","TB","L","88.2","294","1547",12.891666666666667,0.19004524886877827,"SL","Slider",33.2,-33.3,-0.2,"-1",2,3,3.9,-0.9,"-23",0.5106382978723404,0.34397163120567376
"2026","Pérez, Eury","691587","Marlins","MIA","R","88.4","294","1893",15.644628099173554,0.15530903328050713,"SL","Slider",30,-33.1,-3.1,"-9",5.1,1.8,3.8,-2.1,"-54",0.14893617021276595,0.18439716312056736
"2026","Miller, Erik","669062","Red Sox","BOS","L","85.9","291","710",5.916666666666667,0.4098591549295775,"SL","Slider",37.7,-35.9,1.8,"5",-0.4,3.8,3.8,0,"0",0.7056737588652482,0.5177304964539007
"2026","Jump, Gage","695611","Athletics","ATH","L","87.2","290","1258",10.396694214876034,0.23052464228934816,"SL","Slider",33.4,-34.4,-0.9,"-3",2.3,5,3.8,1.2,"31",0.4148936170212766,0.7056737588652482
"2026","Dreyer, Jack","676263","Dodgers","LAD","L","88.7","290","765",6.322314049586777,0.3790849673202614,"SL","Slider",30.6,-32.7,-2.2,"-7",4.1,3,3.7,-0.7,"-19",0.24113475177304963,0.39361702127659576
"2026","Junk, Janson","676083","Marlins","MIA","R","86.4","288","1396",11.537190082644628,0.20630372492836677,"SL","Slider",34.6,-35.2,-0.6,"-2",1.9,5.9,3.9,2,"51",0.46099290780141844,0.8120567375886525
"2026","Nance, Tommy","667297","Twins","MIN","R","89","287","712",5.836065573770492,0.40308988764044945,"SL","Slider",32.7,-32.3,0.5,"1",1.5,0.5,3.1,-2.6,"-84",0.5886524822695035,0.1453900709219858
"2026","Mayza, Tim","641835","Phillies","PHI","L","87.3","281","882",7.229508196721311,0.31859410430839,"SL","Slider",37.2,-34.6,2.6,"8",-1.3,1.3,4,-2.7,"-67",0.7730496453900709,0.1347517730496454
"2026","Avila, Luinder","679883","Royals","KC","R","88.1","280","1293",10.598360655737705,0.21655065738592422,"SL","Slider",36.2,-33.5,2.7,"8",-1.1,6.5,3.9,2.6,"67",0.7872340425531915,0.8687943262411347
"2026","Uribe, Abner","682842","Brewers","MIL","R","87.4","279","758",6.264462809917355,0.36807387862796836,"SL","Slider",32,-34.1,-2.1,"-6",3.9,10.9,3.9,7,"180",0.25177304964539005,0.9858156028368794
"2026","Lange, Alex","656638","Royals","KC","R","88","279","883",7.237704918032787,0.3159682899207248,"SL","Slider",37.2,-33.5,3.6,"11",-1.8,1.6,3.7,-5.3,"-143",0.8687943262411347,0.0070921985815602835
"2026","Painter, Andrew","691725","Phillies","PHI","R","87.9","278","1379",11.30327868852459,0.20159535895576505,"SL","Slider",31.2,-33.6,-2.5,"-7",4.1,6.4,3.9,2.5,"65",0.21631205673758866,0.8617021276595744
"2026","Young, Brandon","687064","Orioles","BAL","R","84.2","278","1817",15.016528925619834,0.15299944964226747,"SL","Slider",35.6,-37.6,-2,"-5",3,2.1,4,-1.9,"-47",0.2624113475177305,0.21631205673758866
"2026","Alvarez, Andrew","674841","Nationals","WSH","L","84.1","277","1163",9.532786885245901,0.23817712811693895,"SL","Slider",40.7,-37.7,3,"8",-2.3,1.6,3.7,-2.1,"-56",0.8333333333333334,0.18439716312056736
"2026","Cleavinger, Garrett","664076","Rays","TB","L","87.4","275","612",5.1,0.4493464052287582,"SL","Slider",34.1,-34.2,-0.1,"0",1.5,5.6,3.3,2.3,"70",0.5141843971631206,0.851063829787234
"2026","De Los Santos, Enyel","660853","Astros","HOU","R","86.4","268","879",7.204918032786885,0.30489192263936293,"SL","Slider",30.4,-35.2,-4.8,"-14",6.2,0.8,4.1,-3.3,"-81",0.05319148936170213,0.0851063829787234
"2026","Martin, Davis","663436","White Sox","CWS","R","87.1","268","1968",16.537815126050422,0.13617886178861788,"SL","Slider",34.7,-34.5,0.2,"1",1.2,4.9,3.8,1.1,"30",0.5602836879432624,0.6843971631205674
"2026","Burke, Brock","656271","Reds","CIN","L","86.4","266","923",7.756302521008403,0.28819068255687974,"SL","Slider",32.3,-35.4,-3.2,"-9",4.4,0.2,3.9,-4.1,"-106",0.1347517730496454,0.02127659574468085
"2026","Suarez, José","660761","Athletics","ATH","L","81.7","265","1016",8.396694214876034,0.2608267716535433,"SL","Slider",42.3,-39.7,2.5,"6",-1.5,6,5.5,0.5,"9",0.7695035460992907,0.6063829787234043
"2026","Graceffo, Gordon","700669","Cardinals","STL","R","88.5","263","887",7.330578512396694,0.2965050732807215,"SL","Slider",34.4,-33,1.4,"4",0.6,1.2,3.5,-2.3,"-66",0.6773049645390071,0.16666666666666666
"2026","Weathers, Ryan","677960","Yankees","NYY","L","86.9","260","2113",17.608333333333334,0.12304779933743493,"SL","Slider",35,-35.1,-0.1,"0",1.2,3.7,2.9,0.9,"30",0.5141843971631206,0.6702127659574468
"2026","Nelson, Ryne","669194","D-backs","AZ","R","88.7","259","1292",10.59016393442623,0.20046439628482973,"SL","Slider",30.9,-32.8,-1.9,"-6",3.8,3.9,3.7,0.1,"4",0.2765957446808511,0.524822695035461
"2026","Burrows, Mike","681347","Astros","HOU","R","89.5","258","1567",12.844262295081966,0.16464582003828973,"SL","Slider",26.9,-31.9,-5,"-16",7.2,3.7,3.2,0.5,"15",0.03900709219858156,0.6063829787234043
"2026","Gordon, Tanner","685299","Rockies","COL","R","86.9","257","1048",8.661157024793388,0.2452290076335878,"SL","Slider",30.4,-34.6,-4.2,"-12",5.5,1.2,3.5,-2.3,"-67",0.08156028368794327,0.16666666666666666
"2026","Kittredge, Andrew","552640","Orioles","BAL","R","89.1","257","518",4.2809917355371905,0.49613899613899615,"SL","Slider",31.8,-32.2,-0.4,"-1",2.4,5.7,3.6,2,"56",0.48226950354609927,0.8120567375886525
"2026","Ober, Bailey","641927","Twins","MIN","R","82.2","257","1536",12.59016393442623,0.16731770833333334,"SL","Slider",33.9,-39.6,-5.6,"-14",6.3,4.5,4.7,-0.1,"-2",0.024822695035460994,0.4787234042553192
"2026","Bachar, Lake","669199","Pirates","PIT","R","90","256","1077",8.827868852459016,0.23769730733519034,"SL","Slider",30.2,-31.6,-1.4,"-4",3.5,1,2.3,-1.3,"-57",0.3404255319148936,0.3049645390070922
"2026","Leiter, Jack","683004","Rangers","TEX","R","86.5","255","1397",11.545454545454545,0.18253400143163923,"SL","Slider",37.2,-35.1,2.2,"6",-0.9,3.3,4,-0.7,"-18",0.75177304964539,0.39361702127659576
"2026","Lambert, Peter","663567","Astros","HOU","R","85.6","254","1888",15.475409836065573,0.13453389830508475,"SL","Slider",35.6,-36.2,-0.6,"-2",1.7,3,3.8,-0.8,"-21",0.46099290780141844,0.36879432624113473
"2026","Banda, Anthony","607455","Twins","MIN","L","84.5","249","608",4.983606557377049,0.4095394736842105,"SL","Slider",40.4,-37.2,3.2,"9",-1.7,9.1,4.6,4.5,"97",0.8475177304964538,0.9539007092198581
"2026","Santana, Dennis","642701","Pirates","PIT","R","85.6","247","706",5.786885245901639,0.34985835694050993,"SL","Slider",34.3,-36.2,-1.9,"-5",2.9,1.7,3.8,-2.1,"-55",0.2765957446808511,0.18439716312056736
"2026","Woods Richardson, Simeon","680573","Blue Jays","TOR","R","86","247","1052",8.62295081967213,0.23479087452471484,"SL","Slider",30.7,-35.7,-5,"-14",6.2,3.9,3.8,0.1,"2",0.03900709219858156,0.524822695035461
"2026","Davila, Nick","689546","Mariners","SEA","R","87.4","246","377",3.115702479338843,0.6525198938992043,"SL","Slider",40.8,-34.2,6.6,"19",-5.2,0.8,3.2,-2.5,"-76",0.9680851063829787,0.1524822695035461
"2026","Ribalta, Orlando","687377","Nationals","WSH","R","86.9","245","620",5.081967213114754,0.3951612903225806,"SL","Slider",32.6,-34.4,-1.8,"-5",3.6,2.8,3.7,-0.8,"-22",0.29432624113475175,0.36879432624113473
"2026","Soto, Gregory","642397","Pirates","PIT","L","83.5","243","869",7.122950819672131,0.27963176064441886,"SL","Slider",36.6,-38.2,-1.6,"-4",2.9,5.4,4.7,0.7,"14",0.31560283687943264,0.6418439716312057
"2026","Vesia, Alex","681911","Dodgers","LAD","L","84.1","242","751",6.206611570247934,0.322237017310253,"SL","Slider",35.3,-37.7,-2.4,"-6",3.1,5.8,3.9,1.9,"49",0.2198581560283688,0.8085106382978723
"2026","Cameron, Noah","702070","Royals","KC","L","85.1","242","2147",17.598360655737704,0.11271541686073591,"SL","Slider",35,-36.6,-1.6,"-4",2.7,2.9,3.9,-1,"-25",0.31560283687943264,0.3333333333333333
"2026","Brubaker, JT","664141","Giants","SF","R","87.2","238","916",7.570247933884297,0.259825327510917,"SL","Slider",33.3,-34.1,-0.8,"-2",2.5,0.1,3,-2.9,"-96",0.4326241134751773,0.11702127659574468
"2026","Cole, Gerrit","543037","Yankees","NYY","R","89.6","238","1218",10.15,0.19540229885057472,"SL","Slider",31,-31.8,-0.8,"-3",2.9,4.3,3,1.3,"44",0.4326241134751773,0.7340425531914894
"2026","Lord, Brad","695418","Nationals","WSH","R","85.2","236","1091",8.942622950819672,0.21631530705774518,"SL","Slider",39.3,-36.4,2.9,"8",-1.8,1.8,2.1,-0.3,"-13",0.8156028368794326,0.43617021276595747
"2026","Clarke, Taylor","664199","D-backs","AZ","R","88.4","236","758",6.213114754098361,0.3113456464379947,"SL","Slider",30.6,-33,-2.4,"-7",4.3,4.7,3.3,1.4,"42",0.2198581560283688,0.75177304964539
"2026","Gage, Matt","657424","Giants","SF","L","84.3","236","526",4.347107438016529,0.44866920152091255,"SL","Slider",37.2,-37.5,-0.3,"-1",1.1,4,3.8,0.3,"7",0.4929078014184397,0.5709219858156028
"2026","Erceg, Lucas","668674","Royals","KC","R","84.6","232","810",6.639344262295082,0.28641975308641976,"SL","Slider",40.4,-37.2,3.2,"9",-2.3,1.1,4.1,-3,"-74",0.8475177304964538,0.10638297872340426
"2026","Hoppe, Alex","695380","Orioles","BAL","R","88.5","232","517",4.2727272727272725,0.44874274661508706,"SL","Slider",38.1,-32.9,5.2,"16",-3.4,4.1,3.7,0.4,"10",0.9432624113475178,0.5921985815602837
"2026","Matsui, Yuki","673513","Padres","SD","L","85.2","228","753",6.172131147540983,0.30278884462151395,"SL","Slider",33.6,-36.7,-3,"-8",3.8,4.3,3.6,0.7,"20",0.1595744680851064,0.6418439716312057
"2026","Eisert, Brandon","685126","Pirates","PIT","L","83.9","227","640",5.245901639344262,0.3546875,"SL","Slider",37.2,-38.2,-1,"-3",1.7,5.4,5.3,0.1,"1",0.3900709219858156,0.524822695035461
"2026","Gore, MacKenzie","669022","Rangers","TEX","L","85.7","226","2270",18.760330578512395,0.09955947136563877,"SL","Slider",34.7,-35.8,-1.2,"-3",2.8,4.4,4.3,0.1,"1",0.36524822695035464,0.524822695035461
"2026","Varland, Gus","681402","Nationals","WSH","R","87.6","224","565",4.631147540983607,0.39646017699115044,"SL","Slider",34,-33.9,0,"0",1.7,1.5,4,-2.6,"-64",0.5283687943262412,0.1453900709219858
"2026","Gausman, Kevin","592332","Cubs","CHC","R","84.2","223","2236",18.479338842975206,0.09973166368515206,"SL","Slider",34.9,-37.4,-2.6,"-7",3.6,0.9,4.4,-3.5,"-79",0.20921985815602837,0.07092198581560284
"2026","Petersen, Michael","656848","Marlins","MIA","R","87.1","221","832",6.87603305785124,0.265625,"SL","Slider",38.1,-34.3,3.8,"11",-1.9,1.1,3.6,-2.5,"-69",0.8794326241134752,0.1524822695035461
"2026","Skubal, Tarik","669373","Dodgers","LAD","L","89.4","220","1611",13.314049586776859,0.13656114214773432,"SL","Slider",30.1,-32,-1.8,"-6",3.9,3.2,3.4,-0.2,"-6",0.29432624113475175,0.46099290780141844
"2026","Ashcraft, Graham","668933","Reds","CIN","R","90.6","219","450",3.7815126050420167,0.4866666666666667,"SL","Slider",33.8,-31,2.8,"9",-0.5,8,2.1,5.9,"282",0.8049645390070922,0.9716312056737588
"2026","Thompson, Ryan","657044","D-backs","AZ","R","77.9","217","654",5.360655737704918,0.3318042813455658,"SL","Slider",37.4,-37.5,-0.1,"0",8.2,14.7,13.3,1.3,"10",0.5141843971631206,0.7340425531914894
"2026","Rea, Colin","607067","Cubs","CHC","R","86.1","216","2000",16.52892561983471,0.108,"SL","Slider",37.4,-35.5,1.9,"5",-0.5,3.4,4.3,-0.9,"-21",0.7269503546099291,0.34397163120567376
"2026","Romano, Jordan","605447","Rockies","COL","R","84.3","216","418",3.4545454545454546,0.5167464114832536,"SL","Slider",42.4,-37.8,4.6,"12",-4.1,2.8,3.7,-1,"-26",0.9078014184397163,0.3333333333333333
"2026","Misiorowski, Jacob","694819","Brewers","MIL","R","91.9","215","1985",16.40495867768595,0.10831234256926953,"SL","Slider",29.7,-28.7,1,"4",2.5,3.5,3.3,0.2,"7",0.6666666666666666,0.5638297872340425
"2026","Doval, Camilo","666808","Pirates","PIT","R","88.8","214","765",6.270491803278689,0.2797385620915033,"SL","Slider",37.8,-32.8,5,"15",-3.2,6,3.3,2.7,"81",0.9290780141843972,0.8829787234042553
"2026","Buehler, Walker","621111","Padres","SD","R","87.1","212","1975",16.188524590163933,0.10734177215189873,"SL","Slider",33.2,-34.5,-1.3,"-4",2.6,8.2,4,4.2,"104",0.3546099290780142,0.950354609929078
"2026","Vodnik, Victor","680767","Marlins","MIA","R","88.6","210","717",5.925619834710743,0.2928870292887029,"SL","Slider",37.4,-32.8,4.6,"14",-2.7,2.4,3.9,-1.5,"-37",0.9078014184397163,0.2872340425531915
"2026","Adam, Jason","592094","Padres","SD","R","84.6","210","551",4.516393442622951,0.3811252268602541,"SL","Slider",37.3,-37.2,0.2,"1",0.7,0.3,3.8,-4.1,"-108",0.5602836879432624,0.02127659574468085
"2026","Cornelio, Riley","683000","Nationals","WSH","R","84.4","210","410",3.360655737704918,0.5121951219512195,"SL","Slider",36.1,-37.3,-1.2,"-3",2.3,1,4.1,-3.1,"-76",0.36524822695035464,0.09929078014184398
"2026","Rodón, Carlos","607074","Yankees","NYY","L","86.4","201","828",6.9,0.2427536231884058,"SL","Slider",36.8,-35.2,1.6,"4",-0.3,5,3.5,1.5,"42",0.6914893617021277,0.7695035460992907
"2026","Kelly, Merrill","518876","D-backs","AZ","R","86.4","201","1991",16.31967213114754,0.10095429432446007,"SL","Slider",32.4,-35.5,-3,"-9",4,1.5,3.7,-2.2,"-60",0.1595744680851064,0.1773049645390071
"2026","Fuentes, Didier","800311","Braves","ATL","R","86","199","867",7.1652892561983474,0.2295271049596309,"SL","Slider",34.9,-35.8,-0.9,"-3",2,4.8,4.8,-0.1,"-2",0.4148936170212766,0.4787234042553192
"2026","Miles, Spencer","693686","Blue Jays","TOR","R","87.4","196","1192",9.770491803278688,0.1644295302013423,"SL","Slider",36.6,-34.2,2.4,"7",-0.7,3.8,4,-0.2,"-5",0.7624113475177305,0.46099290780141844
"2026","Scholtens, Jesse","669947","Rays","TB","R","88.2","195","601",5.008333333333334,0.324459234608985,"SL","Slider",27.9,-33.3,-5.4,"-16",7.2,4.3,3.9,0.4,"10",0.028368794326241134,0.5921985815602837
"2026","Stanek, Ryne","592773","Cardinals","STL","R","88.6","195","836",6.909090909090909,0.2332535885167464,"SL","Slider",34.1,-32.6,1.4,"4",0.7,3,3.2,-0.1,"-4",0.6773049645390071,0.4787234042553192
"2026","Banks, Tanner","621383","Phillies","PHI","L","86.8","195","551",4.516393442622951,0.35390199637023595,"SL","Slider",31.4,-34.3,-2.8,"-8",4.6,5.1,3,2,"66",0.19148936170212766,0.8120567375886525
"2026","Wacha, Michael","608379","Royals","KC","R","84.9","194","2259",18.516393442622952,0.08587870739265162,"SL","Slider",34.1,-37,-2.9,"-8",3.6,3,3.7,-0.7,"-18",0.1773049645390071,0.39361702127659576
"2026","Lugo, Seth","607625","Royals","KC","R","84.2","193","2156",17.672131147540984,0.08951762523191095,"SL","Slider",37.2,-37.7,-0.5,"-1",1.1,5.1,4,1.1,"28",0.4716312056737589,0.6843971631205674
"2026","Soriano, George","666277","Cardinals","STL","R","88.5","193","869",7.181818181818182,0.22209436133486765,"SL","Slider",32.1,-33,-1,"-3",2.7,0.3,3.7,-4,"-109",0.3900709219858156,0.03546099290780142
"2026","Strider, Spencer","675911","Braves","ATL","R","84","191","691",5.710743801652892,0.276410998552822,"SL","Slider",33.8,-37.8,-4,"-11",4.8,4.2,4.3,-0.1,"-2",0.09929078014184398,0.4787234042553192
"2026","Herget, Jimmy","623474","Rockies","COL","R","86","191","639",5.2809917355371905,0.29890453834115804,"SL","Slider",29.2,-35,-5.8,"-16",7.4,0.7,1.5,-0.8,"-53",0.01773049645390071,0.36879432624113473
"2026","Melton, Troy","675512","Tigers","DET","R","86.8","191","1162",9.683333333333334,0.16437177280550774,"SL","Slider",36.7,-34.8,1.9,"5",-0.5,7,4.1,2.9,"71",0.7269503546099291,0.900709219858156
"2026","Boyd, Matthew","571510","Cubs","CHC","L","82.9","190","1234",10.198347107438016,0.1539708265802269,"SL","Slider",38.5,-39.4,-1,"-2",1.3,1.6,6.4,-4.8,"-76",0.3900709219858156,0.014184397163120567
"2026","Rogers, Tyler","643511","Blue Jays","TOR","R","73.6","182","785",6.434426229508197,0.2318471337579618,"SL","Slider",37.7,-37.7,0,"0",13.7,11.9,11.9,0,"0",0.5283687943262412,0.5177304964539007
"2026","Morejon, Adrian","670970","Padres","SD","L","89.3","180","1028",8.426229508196721,0.17509727626459143,"SL","Slider",34.8,-32.2,2.7,"8",-0.5,5.7,3.1,2.6,"82",0.7872340425531915,0.8687943262411347
"2026","Keller, Mitch","656605","Pirates","PIT","R","87.2","180","1887",15.467213114754099,0.09538950715421304,"SL","Slider",34.5,-34.4,0.1,"0",1.2,4.5,4,0.5,"13",0.5460992907801419,0.6063829787234043
"2026","Kochanowicz, Jack","686799","Angels","LAA","R","85.6","180","1106",9.140495867768594,0.162748643761302,"SL","Slider",41.3,-36.1,5.2,"15",-4,5.8,3.9,2,"50",0.9432624113475178,0.8120567375886525
"2026","Sugano, Tomoyuki","608372","Rockies","COL","R","85.3","179","1811",14.96694214876033,0.09884041965764771,"SL","Slider",37.4,-36.5,0.9,"2",-0.2,3.7,3.9,-0.2,"-6",0.6453900709219859,0.46099290780141844
"2026","Strahm, Matt","621381","Royals","KC","L","81.2","177","633",5.188524590163935,0.2796208530805687,"SL","Slider",37.6,-40.2,-2.6,"-7",4.2,7.2,6.5,0.6,"10",0.20921985815602837,0.6312056737588653
"2026","Lynch IV, Daniel","663738","Royals","KC","L","87.3","176","749",6.139344262295082,0.2349799732977303,"SL","Slider",33,-34.2,-1.2,"-4",2.8,2.7,3.6,-0.9,"-25",0.36524822695035464,0.34397163120567376
"2026","Suter, Brent","608718","Braves","ATL","L","77.9","171","1185",9.793388429752065,0.14430379746835442,"SL","Slider",43.8,-44.3,-0.5,"-1",1.6,11.2,7.2,4,"55",0.4716312056737589,0.9468085106382979
"2026","Herrin, Tim","682120","Guardians","CLE","L","87","170","678",5.603305785123967,0.25073746312684364,"SL","Slider",33.8,-34.6,-0.7,"-2",2.4,0.2,3.9,-3.7,"-95",0.45390070921985815,0.06028368794326241
"2026","Henriquez, Edgardo","683618","Dodgers","LAD","R","87.8","170","767",6.338842975206612,0.22164276401564537,"SL","Slider",34.6,-33.7,0.9,"3",0.6,6.7,3.8,2.9,"76",0.6453900709219859,0.900709219858156
"2026","Skenes, Paul","694973","Pirates","PIT","R","86.7","168","2273",18.631147540983605,0.07391113066432028,"SL","Slider",34.9,-34.8,0.1,"0",1.3,3.6,4.2,-0.5,"-13",0.5460992907801419,0.41134751773049644
"2026","Whitlock, Garrett","676477","Red Sox","BOS","R","86","168","621",5.175,0.27053140096618356,"SL","Slider",38.7,-36,2.7,"8",-1.7,0.4,3.7,-3.2,"-88",0.7872340425531915,0.09574468085106383
"2026","Lorenzen, Michael","547179","Rockies","COL","R","86.2","167","2105",17.39669421487603,0.07933491686460807,"SL","Slider",35.7,-35.6,0.1,"0",0.8,1.7,3.3,-1.7,"-49",0.5460992907801419,0.24822695035460993
"2026","Alcantara, Sandy","645261","Marlins","MIA","R","85.1","166","2467",20.388429752066116,0.06728820429671666,"SL","Slider",35.3,-36.7,-1.4,"-4",2.9,4.9,3.8,1.2,"31",0.3404255319148936,0.7056737588652482
"2026","Hernández, Jonathan","642546","Dodgers","LAD","R","89.1","166","379",3.1322314049586777,0.43799472295514513,"SL","Slider",32.5,-32.3,0.1,"0",1.8,3.7,3.4,0.3,"10",0.5460992907801419,0.5709219858156028
"2026","Ashby, Aaron","676879","Brewers","MIL","L","85.1","165","1200",9.917355371900827,0.1375,"SL","Slider",44.2,-36.6,7.6,"21",-6.5,9.1,3.8,5.3,"141",0.9822695035460993,0.9645390070921985
"2026","Macko, Adam","671936","Blue Jays","TOR","L","85.3","165","400",3.278688524590164,0.4125,"SL","Slider",33.8,-36.5,-2.7,"-7",3.7,3.6,3.5,0.1,"3",0.20212765957446807,0.524822695035461
"2026","Fairbanks, Pete","664126","Marlins","MIA","R","83.5","163","675",5.578512396694215,0.2414814814814815,"SL","Slider",47.7,-39.6,8.1,"20",-8.5,6.3,3.7,2.6,"69",0.9929078014184397,0.8687943262411347
"2026","Houser, Adrian","605288","Giants","SF","R","88.4","162","1625",13.429752066115702,0.09969230769230769,"SL","Slider",30.4,-33.1,-2.7,"-8",4.4,2.1,3.9,-1.8,"-46",0.20212765957446807,0.23049645390070922
"2026","Peralta, Wandy","593974","Padres","SD","L","89.3","161","977",8.008196721311476,0.1647901740020471,"SL","Slider",28.2,-32.2,-4.1,"-13",6.1,0.4,2.7,-2.3,"-86",0.0851063829787234,0.16666666666666666
"2026","Latz, Jacob","656641","Rangers","TEX","L","85.5","160","845",6.983471074380165,0.1893491124260355,"SL","Slider",34.5,-36.2,-1.8,"-5",2.9,6,4,2,"50",0.29432624113475175,0.8120567375886525
"2026","Scherzer, Max","453286","Blue Jays","TOR","R","86.3","158","668",5.475409836065574,0.23652694610778444,"SL","Slider",32.1,-35.4,-3.3,"-9",4.7,3.6,3.8,-0.1,"-4",0.1276595744680851,0.4787234042553192
"2026","Murphy, Chris","669684","White Sox","CWS","L","89.3","158","527",4.428571428571429,0.2998102466793169,"SL","Slider",28.6,-32.3,-3.7,"-11",5.4,4,3.3,0.7,"22",0.1099290780141844,0.6418439716312057
"2026","Hader, Josh","623352","Astros","HOU","L","84.5","156","420",3.442622950819672,0.37142857142857144,"SL","Slider",35.4,-37.2,-1.7,"-5",3.1,0.5,4.6,-4.1,"-90",0.30851063829787234,0.02127659574468085
"2026","Gray, Peyton","682608","Rangers","TEX","R","86.5","156","770",6.363636363636363,0.2025974025974026,"SL","Slider",30.3,-35,-4.7,"-13",6.1,3.6,4.2,-0.5,"-13",0.05673758865248227,0.41134751773049644
"2026","Brash, Matt","666374","Mariners","SEA","R","86.8","156","262",2.165289256198347,0.5954198473282443,"SL","Slider",37.4,-34.7,2.7,"8",-0.9,14.5,4.2,10.4,"249",,
"2026","Alvarado, Elvis","665660","Athletics","ATH","R","88.1","155","647",5.347107438016529,0.23956723338485317,"SL","Slider",33.1,-33.7,-0.6,"-2",2.3,0.6,2.9,-3.5,"-122",0.46099290780141844,0.07092198581560284
"2026","Winn, Cole","668390","Rangers","TEX","R","85.9","150","670",5.537190082644628,0.22388059701492538,"SL","Slider",40.5,-35.7,4.8,"13",-3.5,2.4,4.3,-2,"-45",0.9184397163120568,0.20567375886524822
"2026","Sousa, Bennett","656986","Astros","HOU","L","85.6","146","198",1.6229508196721312,0.7373737373737373,"SL","Slider",37.6,-36,1.6,"5",-0.3,4.3,3.8,0.5,"14",,
"2026","Taylor, Grant","691799","White Sox","CWS","R","89.4","146","998",8.38655462184874,0.1462925851703407,"SL","Slider",33.6,-32,1.6,"5",0.6,6.9,4,3,"75",0.6914893617021277,0.9184397163120568
"2026","Garcia, Rico","670329","Orioles","BAL","R","89","146","727",6.008264462809917,0.20082530949105915,"SL","Slider",27.8,-32.6,-4.9,"-15",6.6,1,2.6,-1.6,"-62",0.04609929078014184,0.26595744680851063
"2026","Medina, Luis","665622","Athletics","ATH","R","86.3","146","918",7.586776859504132,0.15904139433551198,"SL","Slider",35.6,-35.4,0.2,"1",1.1,9.6,3.7,5.9,"159",0.5602836879432624,0.9716312056737588
"2026","Greene, Hunter","668881","Reds","CIN","R","88.8","145","456",3.831932773109244,0.31798245614035087,"SL","Slider",32.2,-32.6,-0.3,"-1",2.3,5.4,3.6,1.8,"49",0.4929078014184397,0.8014184397163121
"2026","Rojas, Kendry","696070","Twins","MIN","L","89","144","521",4.270491803278689,0.2763915547024952,"SL","Slider",28.1,-32.4,-4.3,"-13",6.2,4,3.8,0.1,"4",0.07446808510638298,0.524822695035461
"2026","Pearson, Nate","663878","Royals","KC","R","89.3","144","437",3.581967213114754,0.3295194508009153,"SL","Slider",33.3,-32,1.2,"4",0.8,5.8,3.8,2,"53",0.6702127659574468,0.8120567375886525
"2026","Agnos, Zach","688642","Rockies","COL","R","85","143","1127",9.314049586776859,0.12688553682342502,"SL","Slider",40.7,-36.8,4,"11",-3.1,3,3.9,-0.9,"-23",0.8829787234042553,0.34397163120567376
"2026","Hill, Jaden","677955","Rockies","COL","R","88.2","143","481",3.975206611570248,0.2972972972972973,"SL","Slider",35.3,-33.7,1.6,"5",-0.3,2.8,2.7,0.1,"4",0.6914893617021277,0.524822695035461
"2026","Borucki, Ryan","621366","Giants","SF","L","86.1","143","380",3.1404958677685952,0.3763157894736842,"SL","Slider",34.2,-35.6,-1.3,"-4",2.6,1.1,4,-2.9,"-73",0.3546099290780142,0.11702127659574468
"2026","Johnson, Seth","686751","Athletics","ATH","R","88.1","142","412",3.4049586776859506,0.3446601941747573,"SL","Slider",33.4,-33.4,0,"0",1.6,5.2,3.8,1.4,"38",0.5283687943262412,0.75177304964539
"2026","Montgomery, Mason","682254","Pirates","PIT","L","89.5","141","824",6.754098360655738,0.17111650485436894,"SL","Slider",32.7,-31.8,0.9,"3",1.4,1.7,3.8,-2.1,"-55",0.6453900709219859,0.18439716312056736
"2026","Franco, Jose","683742","Reds","CIN","R","85.1","141","348",2.9243697478991595,0.4051724137931034,"SL","Slider",36.5,-36.7,-0.1,"0",1.1,3.2,4,-0.9,"-21",,
"2026","Walker, Ryan","676254","Giants","SF","R","83","141","490",4.049586776859504,0.28775510204081634,"SL","Slider",36.9,-39.1,-2.2,"-6",2.8,16.9,6.2,10.7,"175",0.24113475177304963,1
"2026","Vest, Will","676684","Tigers","DET","R","87.8","140","484",4.033333333333333,0.2892561983471074,"SL","Slider",36.7,-33.9,2.9,"8",-1.2,3.6,3.7,-0.1,"-3",0.8156028368794326,0.4787234042553192
"2026","Sandoval, Patrick","663776","Red Sox","BOS","L","86.9","140","490",4.083333333333333,0.2857142857142857,"SL","Slider",31.9,-34.8,-2.9,"-8",4.1,7.4,3.7,3.7,"102",0.1773049645390071,0.9361702127659575
"2026","Cabrera, Edward","665795","Cubs","CHC","R","89.1","138","1203",9.942148760330578,0.11471321695760599,"SL","Slider",30.4,-32.3,-1.9,"-6",4,0.1,3.5,-3.3,"-97",0.2765957446808511,0.0851063829787234
"2026","Speier, Gabe","642100","Mariners","SEA","L","84.1","137","481",3.975206611570248,0.28482328482328484,"SL","Slider",40.5,-37.6,2.9,"8",-2,4,4.5,-0.6,"-13",0.8156028368794326,0.40425531914893614
"2026","Barnett, Mason","686930","Athletics","ATH","R","87.3","137","660",5.454545454545454,0.20757575757575758,"SL","Slider",38.3,-34.2,4.1,"12",-2.6,3.2,3.4,-0.2,"-5",0.8900709219858156,0.46099290780141844
"2026","Kolek, Stephen","663568","Royals","KC","R","85.6","137","837",6.860655737704918,0.16367980884109917,"SL","Slider",37.5,-36.1,1.4,"4",-0.4,3.2,4.1,-0.9,"-22",0.6773049645390071,0.34397163120567376
"2026","King, John","667463","Marlins","MIA","L","82.5","136","651",5.380165289256198,0.20890937019969277,"SL","Slider",40.8,-39,1.8,"5",-0.7,6.8,5,1.8,"35",0.7056737588652482,0.8014184397163121
"2026","Bidois, Brandan","684049","Pirates","PIT","R","86.4","136","325",2.6639344262295084,0.41846153846153844,"SL","Slider",37.7,-35.3,2.4,"7",-1.3,6.1,3.9,2.3,"59",,
"2026","Thielbar, Caleb","573204","Cubs","CHC","L","87.5","135","633",5.231404958677686,0.2132701421800948,"SL","Slider",30.1,-34,-4,"-12",5.4,4.8,3.6,1.2,"35",0.09929078014184398,0.7056737588652482
"2026","Kikuchi, Yusei","579328","Angels","LAA","L","87","134","567",4.68595041322314,0.23633156966490299,"SL","Slider",35,-34.6,0.5,"1",1.1,3.6,4,-0.4,"-10",0.5886524822695035,0.42907801418439717
"2026","Wells, Tyler","669330","Rays","TB","R","86.7","133","881",7.341666666666667,0.15096481271282633,"SL","Slider",32,-32.8,-0.9,"-3",4.2,5.7,1.9,3.8,"201",0.4148936170212766,0.9432624113475178
"2026","Bigge, Hunter","685801","Rays","TB","R","88.7","131","319",2.658333333333333,0.4106583072100313,"SL","Slider",30.5,-32.6,-2.2,"-7",4.3,4.7,3.9,0.8,"22",,
"2026","Adams, Travis","701519","Twins","MIN","R","86.3","131","619",5.073770491803279,0.21163166397415187,"SL","Slider",35.2,-35.3,-0.1,"0",1.4,4.9,3.8,1.1,"28",0.5141843971631206,0.6843971631205674
"2026","Dobbins, Hunter","690928","Cardinals","STL","R","87.9","130","758",6.264462809917355,0.17150395778364116,"SL","Slider",32.6,-33.6,-1,"-3",2.6,5.6,3.5,2.2,"63",0.3900709219858156,0.8368794326241135
"2026","Gibson, Trey","694346","Orioles","BAL","R","87.8","130","619",5.115702479338843,0.210016155088853,"SL","Slider",41.8,-33.8,7.9,"23",-6.3,2.8,4,-1.2,"-30",0.9858156028368794,0.3120567375886525
"2026","Yamamoto, Yoshinobu","808967","Dodgers","LAD","R","87","130","2063",17.049586776859503,0.06301502666020359,"SL","Slider",33.6,-34.6,-0.9,"-3",2.3,5.3,4.1,1.2,"28",0.4148936170212766,0.7056737588652482
"2026","Lauer, Eric","641778","Dodgers","LAD","L","82.8","130","1613",13.330578512396695,0.08059516429014259,"SL","Slider",36.7,-39.1,-2.4,"-6",3.2,5.6,4.2,1.4,"33",0.2198581560283688,0.75177304964539
"2026","Hentges, Sam","656529","Giants","SF","L","87.7","129","523",4.322314049586777,0.24665391969407266,"SL","Slider",31,-34.3,-3.3,"-10",4.4,3,4,-1,"-25",0.1276595744680851,0.3333333333333333
"2026","Leasure, Jordan","673929","White Sox","CWS","R","87.3","129","313",2.630252100840336,0.41214057507987223,"SL","Slider",32.4,-34.3,-1.9,"-6",3.2,6.4,4.1,2.3,"57",,
"2026","Ryan, Joe","657746","Twins","MIN","R","86.1","129","2089",17.12295081967213,0.0617520344662518,"SL","Slider",32.6,-35.7,-3.1,"-9",4.2,1.3,5,-3.7,"-73",0.14893617021276595,0.06028368794326241
"2026","Mahle, Tyler","641816","Braves","ATL","R","84.8","128","1763",14.570247933884298,0.07260351673284175,"SL","Slider",35.9,-36.8,-1,"-3",2.2,5.7,4.5,1.2,"27",0.3900709219858156,0.7056737588652482
"2026","Schweitzer, Tyler","805326","White Sox","CWS","L","88.1","128","360",3.0252100840336134,0.35555555555555557,"SL","Slider",31.1,-33.4,-2.3,"-7",4.1,4.1,3.6,0.5,"15",0.23404255319148937,0.6063829787234043
"2026","Davis, Tyler","699823","White Sox","CWS","R","87.2","126","394",3.310924369747899,0.3197969543147208,"SL","Slider",36,-34.4,1.6,"5",-0.2,6.3,4,2.2,"55",0.6914893617021277,0.8368794326241135
"2026","Miller, Bryce","682243","Mariners","SEA","R","87.6","125","1268",10.479338842975206,0.09858044164037855,"SL","Slider",33,-34,-1,"-3",2.3,4.1,3.6,0.5,"13",0.3900709219858156,0.6063829787234043
"2026","Madden, Ty","680744","Tigers","DET","R","83.7","125","544",4.533333333333333,0.22977941176470587,"SL","Slider",43,-38.1,4.9,"13",-4.2,1,4.1,-3,"-74",0.925531914893617,0.10638297872340426
"2026","Bowlan, Jonathan","680742","Phillies","PHI","R","86.9","124","682",5.590163934426229,0.18181818181818182,"SL","Slider",37.4,-34.8,2.6,"8",-1.4,2.7,4,-1.3,"-32",0.7730496453900709,0.3049645390070922
"2026","Early, Connelly","813349","Red Sox","BOS","L","87.1","123","1528",12.733333333333333,0.08049738219895287,"SL","Slider",29.9,-34.4,-4.5,"-13",6.1,0.3,4.2,-3.9,"-93",0.06028368794326241,0.04609929078014184
"2026","Kay, Anthony","641743","White Sox","CWS","L","86.3","122","2066",17.361344537815125,0.0590513068731849,"SL","Slider",40.9,-35.5,5.4,"15",-4.2,3.9,3.3,0.6,"18",0.9539007092198581,0.6312056737588653
"2026","Finnegan, Kyle","640448","Tigers","DET","R","85.8","121","808",6.733333333333333,0.14975247524752475,"SL","Slider",36.1,-35.8,0.2,"1",1,3.1,4.1,-1.1,"-25",0.5602836879432624,0.3191489361702128
"2026","Hart, Kyle","606996","Padres","SD","L","89.1","121","773",6.336065573770492,0.15653298835705046,"SL","Slider",28.4,-32.4,-4.1,"-13",6,3.1,3.3,-0.2,"-5",0.0851063829787234,0.46099290780141844
"2026","Keller, Brad","641745","Phillies","PHI","R","87.1","120","533",4.368852459016393,0.225140712945591,"SL","Slider",42,-34.1,7.9,"23",-6.1,6.4,3.4,2.9,"86",0.9858156028368794,0.900709219858156
"2026","Márquez, Germán","608566","Padres","SD","R","87.7","119","918",7.524590163934426,0.12962962962962962,"SL","Slider",30.4,-34.5,-4.1,"-12",5.5,2.7,2.1,-4.8,"-226",0.0851063829787234,0.014184397163120567
"2026","Peralta, Freddy","642547","Rays","TB","R","83.1","119","2262",18.85,0.052608311229000886,"SL","Slider",36,-39,-3,"-8",3.6,2.8,6.1,-3.3,"-54",0.1595744680851064,0.0851063829787234
"2026","Granillo, Andre","701552","Nationals","WSH","R","82.2","118","198",1.6229508196721312,0.5959595959595959,"SL","Slider",37.7,-39.5,-1.8,"-5",2.6,4,3.8,0.2,"6",,
"2026","Rodriguez, Grayson","680570","Angels","LAA","R","84.5","116","1019",8.421487603305785,0.11383709519136408,"SL","Slider",37.6,-37.4,0.2,"0",0.7,5.3,4.3,1.1,"25",0.5602836879432624,0.6843971631205674
"2026","Sanders, Cam","676742","Orioles","BAL","R","86.8","116","292",2.4132231404958677,0.3972602739726027,"SL","Slider",35.5,-34.9,0.6,"2",0.6,3,3.5,-0.5,"-15",,
"2026","Cruz, Fernando","518585","Yankees","NYY","R","82.3","116","873",7.275,0.13287514318442153,"SL","Slider",36,-39.4,-3.4,"-9",4.5,12.5,4.6,7.9,"170",0.12411347517730496,0.9929078014184397
"2026","Myers, Tobias","668964","Mets","NYM","R","82.2","115","710",5.819672131147541,0.1619718309859155,"SL","Slider",39.8,-39.3,0.5,"1",0.7,5.7,4.6,1,"23",0.5886524822695035,0.6737588652482269
"2026","Chapman, Aroldis","547973","Red Sox","BOS","L","85.8","114","648",5.4,0.17592592592592593,"SL","Slider",32.5,-36.6,-4.1,"-11",4.6,10.7,3.5,7.2,"207",0.0851063829787234,0.9893617021276596
"2026","Rolison, Ryan","669020","Cubs","CHC","L","86.8","114","720",5.950413223140496,0.15833333333333333,"SL","Slider",38,-34.8,3.1,"9",-1.9,4.6,4,0.6,"16",0.8404255319148937,0.6312056737588653
"2026","Cruz, Steven","674444","Royals","KC","R","89.5","113","709",5.811475409836065,0.15937940761636107,"SL","Slider",30.9,-31.8,-0.9,"-3",3.2,5.1,3.6,1.5,"42",0.4148936170212766,0.7695035460992907
"2026","Morillo, Juan","666661","D-backs","AZ","R","84.8","112","763",6.254098360655738,0.14678899082568808,"SL","Slider",45.4,-36.9,8.5,"23",-7.3,8.9,4.2,4.7,"110",0.9964539007092199,0.9574468085106383
"2026","Halvorsen, Seth","678020","Dodgers","LAD","R","86.3","112","386",3.190082644628099,0.29015544041450775,"SL","Slider",39.1,-35.6,3.5,"10",-2.5,5,4,1,"26",0.8652482269503546,0.6737588652482269
"2026","Cantillo, Joey","676282","Guardians","CLE","L","82.8","111","2089",17.264462809917354,0.05313547151747248,"SL","Slider",45.8,-39,6.8,"17",-6,3.9,4.3,-0.5,"-11",0.975177304964539,0.41134751773049644
"2026","Akin, Keegan","669211","Orioles","BAL","L","86.7","110","443",3.6611570247933884,0.24830699774266365,"SL","Slider",30.9,-35.4,-4.4,"-12",5.4,2.3,2.7,-0.4,"-14",0.0673758865248227,0.42907801418439717
"2026","Legumina, Casey","668984","Rays","TB","R","85","109","803",6.691666666666666,0.1357409713574097,"SL","Slider",33.2,-36.1,-2.9,"-8",4.5,3.5,5.2,-1.7,"-33",0.1773049645390071,0.24822695035460993
"2026","Zeferjahn, Ryan","666171","Cubs","CHC","R","88.6","109","1019",8.421487603305785,0.1069676153091266,"SL","Slider",34.9,-32.8,2.1,"7",-0.1,6.5,3.8,2.7,"70",0.7446808510638298,0.8829787234042553
"2026","Dollander, Chase","801403","Rockies","COL","R","87.6","108","743",6.140495867768595,0.14535666218034993,"SL","Slider",35.7,-33.9,1.8,"5",-0.4,6.2,3.9,2.3,"59",0.7056737588652482,0.851063829787234
"2026","Mey, Luis","682825","Reds","CIN","R","86.5","107","254",2.134453781512605,0.421259842519685,"SL","Slider",32.6,-35.1,-2.5,"-7",4,12.4,4.1,8.3,"200",,
"2026","Fernandez, Ryan","681676","Cardinals","STL","R","87.3","107","236",1.9504132231404958,0.4533898305084746,"SL","Slider",34.8,-34.3,0.5,"1",1.1,3.4,3.8,-0.4,"-11",,
"2026","Chivilli, Angel","683409","Yankees","NYY","R","91.2","107","285",2.375,0.37543859649122807,"SL","Slider",26.9,-30.1,-3.2,"-11",5.7,0.4,2.7,-3.1,"-116",,
"2026","Helsley, Ryan","664854","Orioles","BAL","R","87.9","106","273",2.256198347107438,0.3882783882783883,"SL","Slider",34.6,-33.6,1,"3",0.8,3.9,3.9,0,"1",,
"2026","Dotel, Wilber","696062","Pirates","PIT","R","87.9","105","453",3.7131147540983607,0.23178807947019867,"SL","Slider",34.5,-33.7,0.8,"2",0.9,5.4,4,1.4,"35",0.6312056737588653,0.75177304964539
"2026","Díaz, Edwin","621242","Dodgers","LAD","R","88.9","104","239",1.975206611570248,0.4351464435146444,"SL","Slider",30.7,-32.8,-2.1,"-6",3.6,2.2,3.5,-1.4,"-39",,
"2026","King, Michael","650633","Padres","SD","R","84.8","103","2227",18.25409836065574,0.046250561293219576,"SL","Slider",36.8,-37,-0.2,"0",1.4,3.9,3.6,0.3,"8",,
"2026","Ahlstrom, Robby","695239","Rangers","TEX","L","85.8","103","440",3.6363636363636362,0.2340909090909091,"SL","Slider",32.9,-35.9,-3,"-8",4.1,2.4,4,-1.6,"-40",0.1595744680851064,0.26595744680851063
"2026","Messick, Parker","800048","Guardians","CLE","L","86.8","102","2105",17.39669421487603,0.048456057007125894,"SL","Slider",31.8,-34.8,-3,"-9",4.3,5.9,4,1.9,"47",,
"2026","Valdez, Framber","664285","Tigers","DET","L","85.8","102","2127",17.725,0.047954866008462625,"SL","Slider",36.9,-36,0.9,"2",0.1,2.6,3.4,-0.8,"-25",,
"2026","Kilian, Caleb","668873","Phillies","PHI","R","88.3","101","786",6.442622950819672,0.12849872773536897,"SL","Slider",34.9,-33.2,1.8,"5",-0.1,5,3.8,1.2,"33",0.7056737588652482,0.7056737588652482
"2026","Morgan, Eli","669212","Royals","KC","R","85.4","101","339",2.778688524590164,0.29793510324483774,"SL","Slider",34.1,-36.3,-2.2,"-6",3.1,2.9,4,-1.1,"-27",,
"2026","Soriano, José","667755","Blue Jays","TOR","R","90.2","101","2226",18.24590163934426,0.04537286612758311,"SL","Slider",30.5,-31,-0.5,"-2",3.2,1,3.7,-2.6,"-72",,
"2026","Vásquez, Randy","681190","Padres","SD","R","86.1","100","1726",14.147540983606557,0.05793742757821553,"SL","Slider",32.4,-35.6,-3.2,"-9",4.3,6.5,3.6,2.9,"80",0.1347517730496454,0.900709219858156
"2026","Walker, Josh","677020","Orioles","BAL","L","82.4","99","220",1.8181818181818181,0.45,"SL","Slider",36.6,-39.1,-2.5,"-6",3.4,6.2,4.5,1.7,"39",,
"2026","Pallette, Peyton","688883","Guardians","CLE","R","85.6","99","442",3.652892561983471,0.2239819004524887,"SL","Slider",40.7,-36.4,4.3,"12",-3.3,4.4,3.3,1.2,"36",0.900709219858156,0.7056737588652482
"2026","Kent, Zak","687849","Nationals","WSH","R","87.2","99","260",2.1311475409836067,0.38076923076923075,"SL","Slider",36.6,-34.3,2.3,"7",-0.8,5.7,3.7,2.1,"56",,
"2026","Cecconi, Slade","677944","Guardians","CLE","R","83.6","99","1854",15.322314049586776,0.05339805825242718,"SL","Slider",44.2,-38.2,6.1,"16",-5.2,2.7,4.3,-1.6,"-38",0.9645390070921985,0.26595744680851063
"2026","Whisenhunt, Carson","687931","Giants","SF","L","84.9","97","490",4.049586776859504,0.19795918367346937,"SL","Slider",37.4,-36.9,0.5,"1",0.3,1,4,-3,"-74",0.5886524822695035,0.10638297872340426
"2026","Gibson, Cade","806188","Marlins","MIA","L","87","97","565",4.669421487603306,0.17168141592920355,"SL","Slider",30.4,-34.8,-4.4,"-13",5.4,3.2,3.3,-0.1,"-2",0.0673758865248227,0.4787234042553192
"2026","Thornton, Zac","804267","Mets","NYM","L","84.7","97","638",5.229508196721311,0.15203761755485892,"SL","Slider",35.4,-37.1,-1.6,"-4",2.5,4.8,4,0.8,"19",0.31560283687943264,0.6595744680851063
"2026","Orze, Eric","679358","Twins","MIN","R","87.4","97","677",5.549180327868853,0.1432791728212703,"SL","Slider",29.5,-34.4,-4.9,"-14",6.1,4.3,4,0.3,"8",0.04609929078014184,0.5709219858156028
"2026","Glasnow, Tyler","607192","Dodgers","LAD","R","89.3","96","599",4.950413223140496,0.16026711185308848,"SL","Slider",33.3,-32.7,0.6,"2",0.7,3.5,3.8,-0.3,"-7",0.6134751773049646,0.43617021276595747
"2026","Matz, Steven","571927","Rays","TB","L","82.4","96","1045",8.708333333333334,0.09186602870813397,"SL","Slider",42.4,-39.2,3.2,"8",-1.7,9.6,4.9,4.7,"97",0.8475177304964538,0.9574468085106383
"2026","McGreevy, Michael","700241","Cardinals","STL","R","83.6","96","2033",16.801652892561982,0.04722085587801279,"SL","Slider",40.7,-38.2,2.5,"7",-1.8,3.6,4.4,-0.8,"-19",,
"2026","Ferrer, José A.","678606","Mariners","SEA","L","88","95","791",6.537190082644628,0.12010113780025285,"SL","Slider",35.3,-33.9,1.4,"4",0,2.8,2.6,0.2,"8",0.6773049645390071,0.5638297872340425
"2026","Giolito, Lucas","608337","Padres","SD","R","83.2","94","551",4.516393442622951,0.1705989110707804,"SL","Slider",34.2,-38.8,-4.5,"-12",5.3,3.1,3.9,-0.8,"-20",0.06028368794326241,0.36879432624113473
"2026","Anderson, Shaun","641312","Angels","LAA","R","89.1","94","351",2.9008264462809916,0.2678062678062678,"SL","Slider",29.3,-32.3,-2.9,"-9",5.1,5.3,3.8,1.5,"40",,
"2026","Morales, Luis","806960","Athletics","ATH","R","85.7","94","346",2.8595041322314048,0.27167630057803466,"SL","Slider",32,-36,-4,"-11",5.2,9.5,3.8,5.8,"153",,
"2026","Mears, Nick","683232","Royals","KC","R","84.6","93","341",2.7950819672131146,0.2727272727272727,"SL","Slider",41.8,-37.2,4.6,"12",-3.6,2,3.9,-1.9,"-49",,
"2026","Farris, Mitch","815083","Angels","LAA","L","81.6","93","761",6.289256198347108,0.12220762155059132,"SL","Slider",45.5,-39.8,5.7,"14",-4.6,2.8,4.6,-1.8,"-39",0.9574468085106383,0.23049645390070922
"2026","Jameson, Drey","686753","D-backs","AZ","R","86.9","91","266",2.180327868852459,0.34210526315789475,"SL","Slider",32.7,-35.2,-2.4,"-7",3.4,2.3,2.6,-0.3,"-11",,
"2026","Boyle, Joe","671212","Rays","TB","R","88.9","90","263",2.191666666666667,0.34220532319391633,"SL","Slider",33.6,-32.4,1.1,"3",1.2,4,3.7,0.2,"6",,
"2026","Brown, Hunter","686613","Astros","HOU","R","90.3","88","1108",9.081967213114755,0.07942238267148015,"SL","Slider",29,-30.9,-1.9,"-6",4.4,3.9,3.5,0.4,"12",0.2765957446808511,0.5921985815602837
"2026","Little, Brendon","663893","Blue Jays","TOR","L","89.4","87","307",2.5163934426229506,0.28338762214983715,"SL","Slider",34.2,-32,2.2,"7",-0.2,1.6,2.8,-1.1,"-41",,
"2026","Ragans, Cole","666142","Royals","KC","L","85.1","85","638",5.229508196721311,0.13322884012539185,"SL","Slider",38,-36.7,1.3,"4",-0.4,0.6,3.8,-3.1,"-83",0.6737588652482269,0.09929078014184398
"2026","Sandlin, Nick","680704","Angels","LAA","R","77.2","85","157",1.2975206611570247,0.5414012738853503,"SL","Slider",38.8,-40.9,-2.1,"-5",7.6,19.2,15.9,3.3,"21",,
"2026","Wilcox, Cole","677961","Mariners","SEA","R","87.6","84","488",4.033057851239669,0.1721311475409836,"SL","Slider",36.7,-34,2.8,"8",-1,0.2,3.8,-4.1,"-106",0.8049645390070922,0.02127659574468085
"2026","Sommers, Drew","805427","Tigers","DET","L","83.4","84","356",2.966666666666667,0.23595505617977527,"SL","Slider",40.8,-38.9,2,"5",-1.6,9.6,6,3.6,"60",,
"2026","Natera Jr., Samy","696519","Angels","LAA","L","85","83","462",3.8181818181818183,0.17965367965367965,"SL","Slider",30.2,-36.7,-6.5,"-18",7.6,7.3,4,3.3,"82",0.010638297872340425,0.9290780141843972
"2026","Bieber, Shane","669456","Blue Jays","TOR","R","85.2","82","745",6.10655737704918,0.11006711409395974,"SL","Slider",38.9,-36.5,2.4,"7",-1.4,0.4,4.3,-3.9,"-90",0.7624113475177305,0.04609929078014184
"2026","Peoples, Ben","687239","Rangers","TEX","R","88.1","81","228",1.884297520661157,0.35526315789473684,"SL","Slider",35.4,-33.4,2,"6",-0.3,3.6,3.8,-0.2,"-5",,
"2026","Rangel, Alan","660604","Phillies","PHI","R","84.5","81","491",4.024590163934426,0.164969450101833,"SL","Slider",32.1,-37.3,-5.2,"-14",5.8,5,3.8,1.2,"30",0.031914893617021274,0.7056737588652482
"2026","Varland, Louis","686973","Blue Jays","TOR","R","91.7","81","991",8.12295081967213,0.08173562058526741,"SL","Slider",27.5,-29.3,-1.7,"-6",4.9,4.8,3.2,1.5,"47",0.30851063829787234,0.7695035460992907
"2026","Harris, Hogan","663687","Athletics","ATH","L","85.6","80","1007",8.322314049586776,0.07944389275074479,"SL","Slider",25.1,-36.2,-11.1,"-31",12.5,3.5,4.1,-0.5,"-13",0,0.41134751773049644
"2026","Wolfram, Grant","664991","Orioles","BAL","L","87.1","80","631",5.214876033057851,0.12678288431061807,"SL","Slider",33.7,-34.5,-0.8,"-2",2.3,1.5,3.7,-2.2,"-60",0.4326241134751773,0.1773049645390071
"2026","Webb, Jacob","657097","Cubs","CHC","R","85.9","77","893",7.380165289256198,0.08622620380739082,"SL","Slider",38.9,-35.9,3,"8",-2,1.2,3.9,-2.8,"-71",0.8333333333333334,0.1276595744680851
"2026","Mattson, Isaac","676755","Pirates","PIT","R","84.2","77","648",5.311475409836065,0.11882716049382716,"SL","Slider",36.3,-37.5,-1.2,"-3",2.4,3.2,4.2,-1.1,"-25",0.36524822695035464,0.3191489361702128
"2026","Bido, Osvaldo","674370","White Sox","CWS","R","87.1","77","317",2.6638655462184873,0.24290220820189273,"SL","Slider",34.9,-34.6,0.3,"1",1.2,3.4,3.5,-0.1,"-4",,
"2026","Seabold, Connor","657756","Royals","KC","R","82.9","76","476",3.901639344262295,0.15966386554621848,"SL","Slider",41.6,-38.8,2.8,"7",-1.9,6,5.3,0.7,"14",0.8049645390070922,0.6418439716312057
"2026","Curry, Xzavion","675540","Mets","NYM","R","84.4","75","241",1.9754098360655739,0.3112033195020747,"SL","Slider",33.5,-37.6,-4.1,"-11",4.6,5.6,3.8,1.8,"46",,
"2026","Gusto, Ryan","687473","Marlins","MIA","R","85.3","75","788",6.512396694214876,0.09517766497461928,"SL","Slider",38.5,-36.5,2,"5",-1,4.4,4.1,0.3,"7",0.7375886524822695,0.5709219858156028
"2026","Barco, Hunter","682995","Pirates","PIT","L","82.4","75","304",2.4918032786885247,0.24671052631578946,"SL","Slider",44.1,-39.8,4.3,"11",-3.9,3,6.7,-3.7,"-55",,
"2026","Klassen, George","691946","Angels","LAA","R","90.6","74","315",2.603305785123967,0.23492063492063492,"SL","Slider",32.7,-30.6,2.1,"7",1,0.1,3,-3.1,"-104",,
"2026","Sears, JP","676664","Padres","SD","L","81.2","74","529",4.336065573770492,0.13988657844990549,"SL","Slider",43.2,-42.7,0.5,"1",-2,4.6,8.6,-4,"-46",0.5886524822695035,0.03546099290780142
"2026","Sabrowski, Erik","681870","Guardians","CLE","L","86.5","74","596",4.925619834710743,0.12416107382550336,"SL","Slider",32.2,-35.2,-2.9,"-8",4.1,1.2,4,-2.8,"-71",0.1773049645390071,0.1276595744680851
"2026","Hanifee, Brenan","669724","Tigers","DET","R","88.1","74","321",2.675,0.23052959501557632,"SL","Slider",32.5,-33.8,-1.3,"-4",2.6,1.6,3.2,-1.6,"-49",,
"2026","Santa, Alimber","695001","Astros","HOU","R","87.4","74","238",1.9508196721311475,0.31092436974789917,"SL","Slider",33.1,-34.2,-1.1,"-3",2.5,4.3,3.5,0.8,"23",,
"2026","Hill, Tim","657612","Yankees","NYY","L","76","74","628",5.233333333333333,0.1178343949044586,"SL","Slider",38.5,-38.2,0.3,"1",9.2,6.1,11.6,-5.5,"-47",0.5780141843971631,0.0035460992907801418
"2026","Rock, Joe","697812","White Sox","CWS","L","84.9","73","195",1.638655462184874,0.37435897435897436,"SL","Slider",40.6,-36.8,3.8,"10",-2.9,4.5,4.8,-0.2,"-5",,
"2026","Palencia, Daniel","694037","Cubs","CHC","R","90.5","73","289",2.3884297520661155,0.25259515570934254,"SL","Slider",30,-30.6,-0.6,"-2",3.2,1.6,3.5,-1.9,"-54",,
"2026","Aleman, Franco","680916","Guardians","CLE","R","86","73","299",2.4710743801652892,0.24414715719063546,"SL","Slider",35.2,-35.7,-0.5,"-1",2,3.2,4,-0.8,"-20",,
"2026","Bubic, Kris","663460","Royals","KC","L","85.3","72","811",6.647540983606557,0.08877928483353884,"SL","Slider",39.6,-36.4,3.2,"9",-2,2.5,4.2,-1.7,"-40",0.8475177304964538,0.24822695035460993
"2026","Ritchie, JR","702275","Braves","ATL","R","85","71","1023",8.454545454545455,0.06940371456500488,"SL","Slider",37.4,-36.6,0.9,"2",0.1,4.4,4.5,-0.1,"-3",0.6453900709219859,0.4787234042553192
"2026","Gil, Luis","661563","Yankees","NYY","R","85.4","71","337",2.808333333333333,0.21068249258160238,"SL","Slider",31.5,-36.3,-4.9,"-13",6.3,8.6,4.2,4.3,"103",,
"2026","Martinez, Nick","607259","Rays","TB","R","85.5","69","1899",15.825,0.036334913112164295,"SL","Slider",33.9,-36.4,-2.4,"-7",3.4,1.6,3.7,-2,"-55",,
"2026","Bender, Anthony","669622","Marlins","MIA","R","86.6","69","539",4.454545454545454,0.1280148423005566,"SL","Slider",38.7,-35.3,3.4,"10",-2,6.3,3.1,3.2,"103",0.8617021276595744,0.9219858156028369
"2026","Morgan, David","688158","Padres","SD","R","87.5","69","398",3.262295081967213,0.17336683417085427,"SL","Slider",36.4,-34.3,2.1,"6",-0.6,4.3,3,1.3,"45",0.7446808510638298,0.7340425531914894
"2026","Estrada, Lazaro","681751","Blue Jays","TOR","R","85.7","69","199",1.6311475409836065,0.34673366834170855,"SL","Slider",31.2,-36.1,-4.9,"-14",5.9,3.1,4,-0.9,"-23",,
"2026","Rodríguez, Yariel","684320","Blue Jays","TOR","R","86","68","172",1.4098360655737705,0.3953488372093023,"SL","Slider",35.9,-35.8,0,"0",1.2,4.5,3.7,0.7,"20",,
"2026","Mlodzinski, Carmen","669387","Pirates","PIT","R","90.6","68","1695",13.89344262295082,0.040117994100294985,"SL","Slider",25.4,-30.6,-5.2,"-17",7.8,1.1,3.2,-2.1,"-65",,
"2026","Richards, Trevor","670950","White Sox","CWS","R","84.9","68","827",6.949579831932773,0.08222490931076179,"SL","Slider",33.8,-36.9,-3.2,"-9",4,4,3.9,0.1,"2",0.1347517730496454,0.524822695035461
"2026","Senga, Kodai","673540","Mets","NYM","R","86.7","67","885",7.254098360655738,0.07570621468926554,"SL","Slider",34.7,-34.9,-0.3,"-1",2,0.4,3.9,-3.5,"-90",0.4929078014184397,0.07092198581560284
"2026","Rodriguez, Bradgley","699134","Padres","SD","R","88.6","67","883",7.237704918032787,0.07587768969422423,"SL","Slider",30.7,-32.9,-2.1,"-6",4,3.5,3.3,0.1,"4",0.25177304964539005,0.524822695035461
"2026","Hartlieb, Geoff","664129","Athletics","ATH","R","84.5","66","217",1.7933884297520661,0.30414746543778803,"SL","Slider",38.6,-37.4,1.2,"3",-0.1,3.2,3.9,-0.7,"-18",,
"2026","Nicolas, Kyle","693312","Reds","CIN","R","90","66","198",1.6638655462184875,0.3333333333333333,"SL","Slider",30.8,-31.3,-0.5,"-2",2.9,3.8,3.8,0.1,"2",,
"2026","Rivera, Eduardo","700842","Red Sox","BOS","L","87.8","65","210",1.75,0.30952380952380953,"SL","Slider",31.3,-33.8,-2.5,"-7",4.1,3.1,3.8,-0.7,"-18",,
"2026","Cruz, Yovanny","672442","Nationals","WSH","R","91.3","65","124",1.0163934426229508,0.5241935483870968,"SL","Slider",31,-30.2,0.8,"3",1.8,1.1,2.4,-1.4,"-57",,
"2026","Suarez, Ranger","624133","Red Sox","BOS","L","78.7","65","1726",14.383333333333333,0.03765932792584009,"SL","Slider",43.4,-42.2,1.2,"3",0.7,12.7,7.2,5.5,"77",,
"2026","O'Brien, Riley","676617","Cardinals","STL","R","91","65","799",6.603305785123967,0.08135168961201501,"SL","Slider",28.7,-30,-1.3,"-4",4.2,2.2,3.4,-1.1,"-34",0.3546099290780142,0.3191489361702128
"2026","Gamboa, Alec","687941","Red Sox","BOS","L","88.9","64","199",1.6583333333333334,0.32160804020100503,"SL","Slider",32.9,-32.6,0.3,"1",1.5,3.5,3.8,-0.3,"-8",,
"2026","Povich, Cade","700249","Orioles","BAL","L","86.4","64","453",3.743801652892562,0.141280353200883,"SL","Slider",29.4,-35.2,-5.8,"-16",7,5.3,3.8,1.6,"41",0.01773049645390071,0.7907801418439716
"2026","Basso, Brady","669620","Athletics","ATH","L","84.1","64","299",2.4710743801652892,0.2140468227424749,"SL","Slider",34.3,-37.7,-3.5,"-9",4.3,3.4,3.8,-0.4,"-10",,
"2026","Black, Mason","696131","Royals","KC","R","87","63","463",3.7950819672131146,0.13606911447084233,"SL","Slider",34.4,-34.5,0,"0",1.6,0,4.1,-4,"-99",0.5283687943262412,0.03546099290780142
"2026","Juenger, Hayden","696522","Athletics","ATH","R","88","62","229",1.8925619834710743,0.27074235807860264,"SL","Slider",29,-34,-4.9,"-15",6,4.6,2.8,1.8,"62",,
"2026","Roa, Christian","685005","Astros","HOU","R","87.4","62","178",1.459016393442623,0.34831460674157305,"SL","Slider",34.5,-34.1,0.4,"1",1.2,7,3.7,3.2,"86",,
"2026","Heuer, Codi","676051","Guardians","CLE","R","86.5","61","189",1.56198347107438,0.32275132275132273,"SL","Slider",35.9,-34.9,1,"3",0.6,4.1,4,0.1,"2",,
"2026","Bratt, Mitch","683352","D-backs","AZ","L","86.8","60","540",4.426229508196721,0.1111111111111111,"SL","Slider",27.9,-35,-7.1,"-20",8.2,3.6,3.6,-0.1,"-2",0.0070921985815602835,0.4787234042553192
"2026","Nardi, Andrew","677053","Marlins","MIA","L","85.8","59","378",3.12396694214876,0.15608465608465608,"SL","Slider",35.4,-35.9,-0.5,"-1",2,5.4,4.2,1.1,"27",0.4716312056737589,0.6843971631205674
"2026","Zuber, Tyler","676604","Marlins","MIA","R","89.2","59","374",3.090909090909091,0.15775401069518716,"SL","Slider",30.6,-32.7,-2,"-6",3.6,5.8,2.9,2.9,"100",0.2624113475177305,0.900709219858156
"2026","Hughes, Gabriel","687312","Rockies","COL","R","86.4","59","558",4.6115702479338845,0.1057347670250896,"SL","Slider",31.4,-35.2,-3.8,"-11",5,7.4,4.2,3.2,"75",0.10638297872340426,0.9219858156028369
"2026","Ross, Joe","605452","Rangers","TEX","R","89.4","59","205",1.6942148760330578,0.28780487804878047,"SL","Slider",28.6,-31.8,-3.2,"-10",5.4,2.1,3.6,-1.5,"-42",,
"2026","Weissert, Greg","669711","Red Sox","BOS","R","85.3","59","738",6.15,0.07994579945799458,"SL","Slider",34.7,-36.3,-1.6,"-4",2.8,5.2,3.6,1.6,"43",0.31560283687943264,0.7907801418439716
"2026","Hurt, Kyle","669165","Dodgers","LAD","R","87.9","58","596",4.925619834710743,0.09731543624161074,"SL","Slider",34.1,-33.7,0.4,"1",1.5,0.9,3.8,-2.9,"-76",0.5815602836879432,0.11702127659574468
"2026","Anderson, Drew","623454","Tigers","DET","R","87.5","58","1197",9.975,0.04845446950710108,"SL","Slider",34.7,-34,0.7,"2",0.9,3.8,3.9,-0.1,"-2",,
"2026","Kerry, Brett","695049","Angels","LAA","R","85.8","58","212",1.7520661157024793,0.27358490566037735,"SL","Slider",36.9,-35.9,0.9,"3",0.7,0.7,4,-3.3,"-83",,
"2026","Seymour, Ian","693855","Rays","TB","L","82.7","57","1463",12.191666666666666,0.03896103896103896,"SL","Slider",29.7,-38.9,-9.2,"-24",10.4,4.4,5,-0.6,"-13",,
"2026","Assad, Javier","665871","Cubs","CHC","R","85.3","57","1265",10.454545454545455,0.045059288537549404,"SL","Slider",36.9,-36.3,0.6,"2",0.6,5.5,4.1,1.4,"36",,
"2026","Hamilton, Ian","641656","Braves","ATL","R","86.9","57","92",0.7603305785123967,0.6195652173913043,"SL","Slider",32.4,-35.1,-2.7,"-8",3.9,0.7,2.7,-2,"-75",,
"2026","Blanco, Ronel","669854","Astros","HOU","R","86.4","57","331",2.7131147540983607,0.17220543806646527,"SL","Slider",30.4,-35.3,-4.9,"-14",6,2.7,4.1,-1.4,"-35",,
"2026","Guerrero, Tyron","594027","Red Sox","BOS","R","91.5","55","471",3.925,0.11677282377919321,"SL","Slider",28.7,-29.8,-1.1,"-4",3.9,1.7,3.7,-2,"-54",0.3829787234042553,0.20567375886524822
"2026","Civale, Aaron","650644","Cubs","CHC","R","82.5","55","1458",12.049586776859504,0.03772290809327846,"SL","Slider",43.6,-39.5,4.1,"10",-3.5,8.6,4.4,4.2,"95",,
"2026","Curvelo, Luis","681168","Rangers","TEX","R","84.1","54","187",1.5454545454545454,0.2887700534759358,"SL","Slider",35.1,-37.6,-2.6,"-7",3.8,1.6,4.1,-2.5,"-61",,
"2026","Blewett, Scott","656240","Athletics","ATH","R","84.3","54","197",1.628099173553719,0.27411167512690354,"SL","Slider",41.3,-37.7,3.6,"9",-2.8,1.2,3.9,-2.7,"-70",,
"2026","Kranick, Max","668820","Nationals","WSH","R","88.5","54","170",1.3934426229508197,0.3176470588235294,"SL","Slider",28,-32.9,-5,"-15",6.6,2.3,3.8,-1.5,"-38",,
"2026","Seymour, Carson","693313","Giants","SF","R","87.7","53","204",1.6859504132231404,0.25980392156862747,"SL","Slider",41.2,-33.7,7.4,"22",-5.8,0.3,3.9,-4.2,"-107",,
"2026","Acton, Garrett","670183","Twins","MIN","R","86.1","52","115",0.9426229508196722,0.45217391304347826,"SL","Slider",32.4,-35.7,-3.3,"-9",4.4,1.2,3.7,-2.4,"-66",,
"2026","Walker, Taijuan","592836","Phillies","PHI","R","81.1","50","424",3.4754098360655736,0.1179245283018868,"SL","Slider",37.8,-40.6,-2.8,"-7",3.8,7.6,4.1,3.6,"88",0.19148936170212766,0.9326241134751773