"player_name","player_id","year","xwoba","xba","xslg","xiso","xobp","brl","brl_percent","exit_velocity","max_ev","hard_hit_percent","k_percent","bb_percent","whiff_percent","chase_percent","arm_strength","xera","fb_velocity","fb_spin","curve_spin"
"McCambley, Zach","685112","2026",,,,,,,,,44,,,,,,,,39,95,
"Stock, Robert","476594","2026",,,,,,,,,89,,,,,,,,68,41,
"Melton, Troy","675512","2026",87,79,85,84,85,59,84,67,32,81,47,59,56,77,,87,78,37,29
"Cantillo, Joey","676282","2026",52,59,55,52,46,15,34,57,17,42,70,22,86,35,,52,16,1,66
"Alexander, Tyler","641302","2026",81,52,81,90,75,89,93,87,55,76,37,87,26,74,,81,11,20,
"Lee, Dylan","669276","2026",98,98,93,78,99,76,67,84,50,93,98,84,99,90,,98,29,77,
"Suarez, Robert","663158","2026",,,,,,,,,78,,,,,,,,97,83,
"Fedde, Erick","607200","2026",28,25,20,15,41,18,45,55,7,39,10,53,5,1,,28,39,7,
"Martin, Davis","663436","2026",28,12,30,50,25,23,66,21,1,10,37,66,42,69,,28,33,82,91
"Davis, Tyler","699823","2026",,,,,,,,,69,,,,,,,,78,85,
"Little, Brendon","663893","2026",,,,,,,,,42,,,,,,,,62,6,1
"King, Bryan","687911","2026",46,39,58,72,31,68,76,80,69,62,22,46,6,49,,46,14,9,
"Sullivan, Sean","807743","2026",,,,,,,,,46,,,,,,,,1,43,
"Strahm, Matt","621381","2026",43,68,25,8,68,48,6,32,39,45,22,45,33,65,,43,9,94,
"Imanaga, Shota","684007","2026",61,51,32,20,83,2,18,58,42,71,56,94,75,94,,61,10,92,41
"Trivino III, Lou","642152","2026",,,,,,,,,87,,,,,,,,58,8,
"Martin, Trevor","694680","2026",,,,,,,,,59,,,,,,,,56,47,
"Beck, Tristan","663941","2026",,,,,,,,,53,,,,,,,,48,9,
"Ferguson, Caleb","657571","2026",,,,,,,,,54,,,,,,,,19,53,
"Klein, Will","694361","2026",74,55,91,98,29,97,98,55,20,53,72,19,42,28,,74,92,33,34
"Cano, Yennier","666974","2026",91,77,83,81,94,89,81,36,54,42,52,97,64,68,,91,56,10,
"Holmes, Grant","656550","2026",25,31,24,17,31,10,25,6,26,23,29,29,63,57,,25,38,57,80
"Williamson, Brandon","682227","2026",,,,,,,,,42,,,,,,,,22,18,
"Bruihl, Justin","677865","2026",59,41,79,94,29,83,94,94,42,74,7,50,4,30,,59,5,25,
"Suarez, José","660761","2026",61,37,78,94,31,96,99,64,7,88,54,32,61,63,,61,21,68,
"Farris, Mitch","815083","2026",9,15,15,15,9,59,34,15,25,2,61,17,68,39,,9,12,24,
"Yamamoto, Yoshinobu","808967","2026",84,72,73,69,91,23,67,76,12,76,59,87,54,72,,84,75,46,84
"Senga, Kodai","673540","2026",15,57,34,20,7,41,3,17,62,39,72,1,76,12,,15,71,74,
"Gordon, Colton","676467","2026",,,,,,,,,73,,,,,,,,8,3,
"Taylor, Grant","691799","2026",97,97,96,92,96,68,70,19,62,35,97,54,72,77,,97,95,67,37
"Kay, Anthony","641743","2026",14,20,32,47,8,8,26,57,17,38,19,52,34,75,,14,68,56,
"Early, Connelly","813349","2026",38,57,35,23,46,18,10,9,18,33,59,45,40,59,,38,31,50,22
"Phillips, Tyler","663969","2026",18,15,26,40,16,25,43,9,22,8,14,32,53,65,,18,74,11,48
"Martin, Riley","702303","2026",,,,,,,,,74,,,,,,,,51,83,
"Soroka, Michael","647336","2026",44,34,33,40,63,30,32,74,31,83,57,91,24,80,,44,35,91,
"Brogdon, Connor","641401","2026",,,,,,,,,36,,,,,,,,51,62,
"Rock, Joe","697812","2026",,,,,,,,,61,,,,,,,,31,72,
"Burke, Sean","680732","2026",69,68,61,54,77,15,43,38,17,57,83,70,57,75,,69,55,96,30
"Valdez, Framber","664285","2026",36,28,48,64,25,21,75,21,24,16,19,49,13,57,,36,39,23,89
"Juenger, Hayden","696522","2026",,,,,,,,,69,,,,,,,,52,75,
"Lugo, Seth","607625","2026",10,8,10,14,19,6,34,25,37,18,20,55,6,4,,10,11,61,99
"Festa, Matt","670036","2026",48,46,47,48,54,52,41,72,61,36,63,77,66,37,,48,22,93,
"Smith, Shane","681343","2026",,,,,,,,,57,,,,,,,,69,30,2
"Morales, Luis","806960","2026",,,,,,,,,50,,,,,,,,87,85,
"McDonald, Trevor","686790","2026",48,42,67,83,31,68,91,44,11,55,21,65,19,39,,48,31,51,
"Dobbins, Hunter","690928","2026",61,49,66,74,52,76,71,55,54,37,45,43,28,19,,61,55,65,52
"Woods Richardson, Simeon","680573","2026",4,6,8,15,2,38,43,25,25,18,1,13,5,1,,4,22,33,52
"Warren, Will","701542","2026",31,17,29,44,36,18,49,8,1,15,48,57,26,30,,31,33,91,85
"Yesavage, Trey","702056","2026",77,91,83,67,69,44,73,58,44,81,57,13,83,46,,77,47,41,
"Wilson, Bryse","669060","2026",,,,,,,,,29,,,,,,,,23,13,
"Sandlin, David","689818","2026",,,,,,,,,37,,,,,,,,78,43,48
"Baker, Bryan","641329","2026",94,94,92,86,93,83,68,87,30,79,88,49,74,96,,94,84,57,
"Wacha, Michael","608379","2026",48,39,33,37,63,12,63,53,3,64,26,78,17,45,,48,28,14,12
"Doval, Camilo","666808","2026",74,82,84,76,59,68,60,7,64,2,49,19,58,33,,74,96,96,
"Ullola, Miguel","699044","2026",,,,,,,,,82,,,,,,,,64,98,
"Abbott, Andrew","671096","2026",25,26,30,39,21,13,49,31,21,51,17,20,30,34,,25,21,70,82
"Booser, Cam","592155","2026",,,,,,,,,53,,,,,,,,71,1,
"Thornton, Zac","804267","2026",21,12,16,20,36,52,26,27,50,32,10,66,8,36,,21,15,54,
"Cease, Dylan","656302","2026",94,96,95,93,89,48,88,95,19,85,99,24,96,73,,94,87,89,68
"Sheehan, Emmet","686218","2026",54,62,38,24,69,15,11,46,44,45,74,66,87,89,,54,48,87,57
"Gastelum, Luis","703725","2026",,,,,,,,,65,,,,,,,,41,96,
"Roa, Christian","685005","2026",,,,,,,,,35,,,,,,,,75,11,
"Sale, Chris","519242","2026",85,73,83,86,83,37,76,76,19,83,93,91,86,91,,85,75,60,
"Johnson, Seth","686751","2026",,,,,,,,,54,,,,,,,,92,74,
"Burke, Brock","656271","2026",58,74,70,63,31,52,43,78,58,94,47,9,73,26,,58,68,52,
"Leiter, Jack","683004","2026",23,26,25,24,22,23,14,64,21,38,55,29,51,50,,23,82,86,78
"Aldegheri, Sam","691951","2026",,,,,,,,,21,,,,,,,,16,30,
"Peterson, David","656849","2026",18,9,30,55,13,25,68,36,35,29,24,41,19,36,,18,17,17,24
"Rom, Drew","680723","2026",,,,,,,,,15,,,,,,,,19,49,
"Ashcraft, Braxton","677952","2026",74,64,64,61,81,23,63,25,20,33,77,89,57,97,,74,89,69,74
"Miller, Erik","669062","2026",83,97,95,90,44,94,70,99,14,97,97,3,98,14,,83,86,69,
"Kirby, George","669923","2026",58,29,41,50,71,12,50,31,64,27,35,94,26,86,,58,84,52,21
"Giolito, Lucas","608337","2026",,,,,,,,,37,,,,,,,,6,17,
"Thornton, Trent","663423","2026",,,,,,,,,2,,,,,,,,55,78,96
"Hall, DL","669084","2026",,,,,,,,,58,,,,,,,,56,19,70
"Hartlieb, Geoff","664129","2026",,,,,,,,,69,,,,,,,,53,54,
"deGrom, Jacob","594798","2026",68,59,41,30,86,15,26,8,7,6,90,85,94,89,,68,90,89,76
"Ferrer, José A.","678606","2026",71,55,67,72,66,68,78,89,2,73,25,81,12,45,,71,91,16,
"Pallante, Andre","669467","2026",59,42,59,70,57,28,81,76,1,77,13,65,20,9,,59,64,24,79
"Espino, Daniel","682982","2026",,,,,,,,,92,,,,,,,,98,86,
"Morejon, Adrian","670970","2026",98,87,97,97,93,97,99,84,19,85,91,78,96,98,,98,99,85,
"Murphy, Owen","702566","2026",,,,,,,,,61,,,,,,,,33,87,
"Palmquist, Carson","687223","2026",,,,,,,,,93,,,,,,,,6,21,
"Strider, Spencer","675911","2026",72,96,67,26,78,59,6,41,37,63,84,12,86,31,,72,60,69,60
"Zeferjahn, Ryan","666171","2026",86,99,97,89,54,83,76,46,73,67,97,6,95,3,,86,87,32,
"Yoho, Craig","684974","2026",,,,,,,,,47,,,,,,,,47,85,
"Ekness, Josh","694795","2026",,,,,,,,,68,,,,,,,,92,94,
"Eovaldi, Nathan","543135","2026",43,37,28,27,66,6,30,49,3,27,66,90,86,95,,43,43,22,1
"Barlow, Scott","605130","2026",6,53,16,6,3,68,22,67,74,67,25,8,93,59,,6,2,37,39
"Roupp, Landen","694738","2026",71,66,85,90,50,46,91,94,22,96,57,20,49,46,,71,30,8,97
"Bender, Anthony","669622","2026",,,,,,,,,58,,,,,,,,81,62,
"Manoah, Alek","666201","2026",,,,,,,,,35,,,,,,,,1,16,
"Speier, Gabe","642100","2026",,,,,,,,,31,,,,,,,,60,30,
"Gordon, Tanner","685299","2026",23,17,5,5,66,21,6,2,27,10,30,98,28,43,,23,23,35,9
"Anderson, Jack","681252","2026",,,,,,,,,76,,,,,,,,6,13,
"Vest, Will","676684","2026",,,,,,,,,25,,,,,,,,71,35,
"Scott, Tanner","656945","2026",84,55,71,76,80,76,56,49,21,83,97,87,98,99,,84,84,96,
"Murphy, Luke","684665","2026",,,,,,,,,87,,,,,,,,71,42,
"Wells, Tyler","669330","2026",87,86,71,48,94,63,63,76,27,87,78,80,88,92,,87,33,84,
"Jax, Griffin","643377","2026",35,34,30,32,50,25,22,49,53,40,75,57,88,90,,35,71,95,94
"Buehler, Walker","621111","2026",37,37,38,46,36,13,37,34,32,40,33,34,14,9,,37,43,14,33
"Rodríguez, Elmer","695684","2026",,,,,,,,,80,,,,,,,,60,1,
"Rodríguez, Yariel","684320","2026",,,,,,,,,54,,,,,,,,71,81,
"Scholtens, Jesse","669947","2026",13,12,8,10,29,48,9,61,61,56,21,78,10,43,,13,21,31,
"Gausman, Kevin","592332","2026",59,44,44,47,71,13,54,58,27,48,52,81,65,86,,59,41,52,
"Sanders, Cam","676742","2026",,,,,,,,,64,,,,,,,,77,99,
"Slaten, Justin","686580","2026",,,,,,,,,61,,,,,,,,85,87,
"Morán, Jovani","663558","2026",87,94,87,66,83,76,66,80,30,95,82,20,94,28,,87,22,72,
"Collyer, Gavin","686560","2026",,,,,,,,,78,,,,,,,,84,87,
"Bednar, David","670280","2026",95,85,94,97,89,94,94,92,37,71,85,57,89,99,,95,77,74,24
"Sasaki, Roki","808963","2026",44,52,39,35,53,10,11,25,4,19,59,41,81,73,,44,93,46,
"Kolek, Stephen","663568","2026",59,21,54,78,58,52,62,55,23,61,6,93,12,11,,59,41,36,
"Hurter, Brant","676428","2026",,,,,,,,,67,,,,,,,,17,7,
"Cabrera, Jose","703615","2026",,,,,,,,,33,,,,,,,,30,46,
"Montgomery, Mason","682254","2026",94,95,91,83,90,68,28,82,22,26,99,22,90,61,,94,95,34,67
"Brieske, Beau","689225","2026",,,,,,,,,81,,,,,,,,69,92,
"Romero, JoJo","668941","2026",21,21,23,26,17,63,41,3,33,16,52,46,38,22,,21,39,30,
"Smith, Dylan","681916","2026",,,,,,,,,22,,,,,,,,71,83,
"Ribalta, Orlando","687377","2026",,,,,,,,,39,,,,,,,,86,97,
"Mize, Casey","663554","2026",76,61,65,64,85,30,46,46,50,52,59,85,55,39,,76,33,49,
"Rodriguez, Eduardo","593958","2026",24,16,17,17,39,4,37,63,39,68,13,55,14,48,,24,14,53,14
"Yean, Eddy","678868","2026",,,,,,,,,93,,,,,,,,83,66,
"Cabrera, Edward","665795","2026",21,20,22,23,25,21,4,3,5,19,38,36,59,71,,21,80,38,34
"Holderman, Colin","670059","2026",77,85,88,80,61,76,63,86,52,30,62,43,70,37,,77,86,48,77
"Pintaro, Jonathan","702752","2026",,,,,,,,,35,,,,,,,,64,58,
"Williams, Gavin","668909","2026",63,68,39,20,81,1,6,21,3,3,96,68,88,83,,63,89,29,30
"Wolfram, Grant","664991","2026",56,49,58,63,46,83,63,46,61,60,71,57,51,55,,56,71,53,27
"Lauer, Eric","641778","2026",25,37,11,7,55,6,9,58,10,75,5,64,9,73,,25,7,26,25
"Hudson, Bryan","663542","2026",82,62,89,95,63,94,95,72,50,70,46,55,40,1,,82,14,30,
"Enns, Dietrich","608650","2026",,,,,,,,,77,,,,,,,,38,24,
"Miller, Bryce","682243","2026",93,83,72,54,98,41,60,80,37,89,70,97,58,95,,93,75,93,18
"Soriano, George","666277","2026",41,64,37,19,54,46,19,8,17,18,59,29,83,77,,41,82,20,
"Whisenhunt, Carson","687931","2026",,,,,,,,,13,,,,,,,,22,38,
"Sánchez, Cristopher","650911","2026",78,55,67,72,85,8,50,38,24,23,85,93,93,97,,78,60,15,
"Cornelio, Riley","683000","2026",,,,,,,,,72,,,,,,,,82,75,
"Castaño, Blas","680604","2026",,,,,,,,,33,,,,,,,,45,20,
"Flaherty, Jack","656427","2026",35,53,46,42,29,32,37,11,16,5,74,21,65,19,,35,22,39,22
"Cruz, Steven","674444","2026",55,65,48,37,57,48,6,38,26,76,80,32,80,30,,55,95,33,
"Allen, Logan","671106","2026",,,,,,,,,68,,,,,,,,4,16,
"Jameson, Drey","686753","2026",,,,,,,,,88,,,,,,,,77,59,
"Young, Brandon","687064","2026",44,31,44,57,44,30,73,36,13,32,26,50,41,81,,44,45,17,70
"Gilbert, Logan","669302","2026",63,57,39,32,80,2,13,17,5,22,75,90,82,74,,63,77,32,
"Walker, Josh","677020","2026",,,,,,,,,61,,,,,,,,19,17,
"Erceg, Lucas","668674","2026",24,21,67,90,1,83,86,89,12,51,5,7,16,33,,24,87,2,
"Taillon, Jameson","592791","2026",5,26,1,1,39,4,1,46,27,49,36,43,63,49,,5,14,62,48
"Greene, Hunter","668881","2026",,,,,,,,,70,,,,,,,,95,78,
"Dollander, Chase","801403","2026",54,77,49,27,65,52,15,9,39,1,68,34,70,19,,54,96,77,76
"Glasnow, Tyler","607192","2026",,,,,,,,,68,,,,,,,,68,94,85
"Jump, Gage","695611","2026",46,37,59,74,27,63,85,32,15,37,77,25,55,55,,46,78,72,56
"García, Luis","472610","2026",,,,,,,,,64,,,,,,,,58,27,
"Mikolas, Miles","571945","2026",8,5,3,4,42,2,24,19,18,13,1,97,1,26,,8,26,26,42
"Finnegan, Kyle","640448","2026",9,31,20,13,8,46,18,32,24,14,14,6,45,25,,9,80,36,
"Schultz, Noah","702273","2026",4,11,14,15,3,37,21,38,47,36,34,22,16,19,,4,60,89,
"Rogers, Taylor","573124","2026",41,35,63,79,17,76,78,95,55,98,22,24,3,5,,41,14,21,
"Dobnak, Randy","677976","2026",24,2,44,90,5,94,91,9,14,26,2,40,2,50,,24,12,1,
"Kempner, William","687531","2026",,,,,,,,,85,,,,,,,,60,75,
"Henderson, Logan","701656","2026",95,89,80,65,98,52,28,58,42,65,95,96,70,50,,95,26,71,
"Harrison, Kyle","690986","2026",79,68,73,70,85,38,60,38,6,68,90,84,79,72,,79,56,76,
"Ashby, Aaron","676879","2026",90,88,94,95,71,83,91,74,1,46,96,17,92,55,,90,92,12,75
"Gonzalez, Domingo","682445","2026",,,,,,,,,59,,,,,,,,25,38,
"Lorenzen, Michael","547179","2026",3,1,4,11,4,1,21,4,9,4,5,49,5,2,,3,37,62,44
"Wrobleski, Justin","680736","2026",29,14,17,20,50,6,26,25,37,16,26,92,11,63,,29,47,83,6
"Scherzer, Max","453286","2026",8,14,6,8,18,48,7,61,45,58,13,38,3,70,,8,30,70,70
"Nardi, Andrew","677053","2026",,,,,,,,,54,,,,,,,,52,79,
"Gerber, Joey","680702","2026",,,,,,,,,78,,,,,,,,33,55,
"Barco, Hunter","682995","2026",,,,,,,,,29,,,,,,,,43,47,
"Corbin, Patrick","571578","2026",7,4,10,24,10,32,50,57,9,23,14,75,17,53,,7,9,9,
"Misiorowski, Jacob","694819","2026",100,100,99,96,100,68,95,87,35,80,100,87,99,92,,100,100,99,6
"Hernández, Jonathan","642546","2026",,,,,,,,,31,,,,,,,,89,55,
"Weissert, Greg","669711","2026",75,70,71,66,75,89,90,89,9,90,51,66,30,75,,75,39,29,
"Romano, Jordan","605447","2026",,,,,,,,,78,,,,,,,,41,58,
"Severino, Luis","622663","2026",39,61,49,42,39,44,30,49,15,49,61,16,32,58,,39,83,27,
"Lange, Alex","656638","2026",18,42,35,38,9,41,4,13,12,19,53,10,63,41,,18,71,29,
"Martinez, Nick","607259","2026",34,8,22,39,59,8,57,80,18,83,3,100,3,66,,34,21,53,40
"Newcomb, Sean","656794","2026",54,34,69,86,27,63,79,71,44,71,50,45,45,17,,54,43,46,
"Prielipp, Connor","687570","2026",43,55,38,30,52,32,30,11,49,30,66,41,37,51,,43,66,52,99
"Nola, Aaron","605400","2026",39,42,26,15,61,4,15,52,16,27,58,57,67,65,,39,15,58,58
"Jacob, Alek","689690","2026",,,,,,,,,84,,,,,,,,1,50,
"Arrighetti, Spencer","681293","2026",14,51,44,42,4,37,48,79,62,93,47,8,51,8,,14,20,65,86
"Imai, Tatsuya","837227","2026",21,64,38,23,10,38,11,24,25,4,84,2,92,16,,21,55,3,
"Ferguson, Tyler","621053","2026",,,,,,,,,64,,,,,,,,68,61,
"Stewart, Brock","592779","2026",,,,,,,,,87,,,,,,,,64,91,
"Koenig, Jared","657649","2026",,,,,,,,,2,,,,,,,,45,60,
"Abreu, Bryan","650556","2026",46,92,81,61,17,89,68,4,81,15,94,1,93,9,,46,68,29,
"Ginkel, Kevin","656464","2026",56,53,34,24,77,46,15,21,8,27,59,66,84,94,,56,68,80,
"Rucker, Michael","621074","2026",,,,,,,,,39,,,,,,,,75,59,81
"Henry, Cole","669371","2026",,,,,,,,,78,,,,,,,,39,91,
"Nunez, Anthony","689296","2026",41,59,43,35,37,68,57,58,47,40,56,17,91,86,,41,75,96,
"Tolle, Payton","801139","2026",93,88,85,75,95,35,62,71,25,71,86,78,71,93,,93,74,43,26
"Bello, Brayan","678394","2026",10,3,8,20,14,25,34,27,19,34,14,65,49,71,,10,60,4,28
"Morillo, Juan","666661","2026",99,98,99,97,95,96,96,96,44,91,89,43,88,89,,99,97,37,
"Fried, Max","608331","2026",98,94,99,99,94,97,99,94,36,94,61,55,47,31,,98,43,11,84
"Singer, Brady","663903","2026",17,14,16,20,22,8,32,9,17,34,24,64,52,26,,17,9,74,
"Urquidy, José","664353","2026",,,,,,,,,92,,,,,,,,22,49,
"Macko, Adam","671936","2026",,,,,,,,,55,,,,,,,,51,54,
"Karinchak, James","675916","2026",,,,,,,,,79,,,,,,,,58,82,37
"Bird, Jake","656234","2026",,,,,,,,,19,,,,,,,,51,70,89
"Baumler, Carter","691945","2026",,,,,,,,,81,,,,,,,,,,36
"Junk, Janson","676083","2026",46,29,35,45,65,32,57,21,12,35,14,83,1,17,,46,43,63,37
"Rocker, Kumar","677958","2026",28,23,25,30,34,20,46,46,15,29,40,45,57,63,,28,48,17,
"Schlittler, Cam","693645","2026",91,82,77,65,96,12,37,57,6,39,94,93,75,87,,91,93,90,45
"Waldrep, Hurston","694462","2026",,,,,,,,,69,,,,,,,,45,16,
"Mears, Nick","683232","2026",,,,,,,,,58,,,,,,,,51,42,
"Garcia, Rico","670329","2026",81,81,66,47,87,68,57,90,67,70,77,53,95,22,,81,66,93,32
"Williams, Devin","642207","2026",79,75,90,94,55,94,88,76,69,95,87,13,96,99,,79,39,68,
"Povich, Cade","700249","2026",,,,,,,,,53,,,,,,,,12,85,31
"Brown, Hunter","686613","2026",65,90,81,65,50,59,63,97,31,66,68,8,63,8,,65,77,29,47
"Gray, Sonny","543243","2026",67,44,62,74,69,25,68,38,42,55,42,81,30,79,,67,14,81,55
"Rogers, Trevor","669432","2026",56,41,47,50,68,20,56,44,1,46,34,77,34,83,,56,35,89,
"Rodriguez, Grayson","680570","2026",1,2,2,3,1,35,7,5,14,1,30,27,40,7,,1,77,47,67
"Silseth, Chase","681217","2026",48,65,55,46,23,59,24,89,80,90,75,6,93,54,,48,75,78,
"Martin, Corbin","656686","2026",,,,,,,,,81,,,,,,,,56,92,
"Adams, Travis","701519","2026",50,62,49,42,53,83,56,76,36,94,79,20,76,66,,50,48,78,
"Kahnle, Tommy","592454","2026",,,,,,,,,15,,,,,,,,35,29,
"Bradish, Kyle","680694","2026",54,57,59,59,48,15,43,67,12,56,48,27,46,53,,54,51,41,63
"Irvin, Jake","663623","2026",9,42,8,4,22,23,2,52,7,15,52,30,41,3,,9,22,58,43
"Luzardo, Jesús","666200","2026",92,86,92,92,90,30,78,84,45,92,90,65,90,81,,92,82,37,
"Wicks, Jordan","696136","2026",,,,,,,,,17,,,,,,,,28,50,
"Garcia, Julian","670062","2026",,,,,,,,,76,,,,,,,,17,99,
"Ryan, Joe","657746","2026",72,70,48,32,92,4,11,25,6,22,75,94,52,68,,72,31,47,79
"Matsui, Yuki","673513","2026",78,99,83,41,72,63,25,82,67,93,71,3,97,59,,78,13,83,
"Domínguez, Seranthony","622554","2026",26,66,41,24,10,63,18,36,42,66,81,1,79,12,,26,90,55,
"Springs, Jeffrey","605488","2026",18,29,13,9,37,8,21,67,12,70,21,40,38,48,,18,10,18,
"Basso, Brady","669620","2026",,,,,,,,,24,,,,,,,,26,46,7
"Junis, Jakob","596001","2026",62,19,53,79,58,96,97,80,29,77,21,99,7,44,,62,16,13,
"Alvarez, Andrew","674841","2026",37,25,62,85,15,68,90,27,2,21,45,21,61,54,,37,17,57,73
"Pop, Zach","647315","2026",,,,,,,,,72,,,,,,,,78,23,
"Perkins, Jack","678022","2026",39,46,39,41,43,28,25,52,41,60,68,49,63,82,,39,71,39,
"Kelly, Antwone","699008","2026",,,,,,,,,70,,,,,,,,98,33,
"Peralta, Wandy","593974","2026",50,21,59,85,34,83,95,87,46,85,5,46,21,80,,50,77,10,
"Hollowell, Gavin","668970","2026",,,,,,,,,78,,,,,,,,53,99,
"Hoffman, Jeff","656546","2026",69,81,84,79,54,52,18,58,69,62,98,36,99,97,,69,81,95,
"Skenes, Paul","694973","2026",85,82,78,67,90,20,49,53,42,40,92,78,73,74,,85,85,23,
"Bido, Osvaldo","674370","2026",,,,,,,,,67,,,,,,,,52,76,
"Poulin, PJ","676571","2026",8,28,19,14,4,63,19,3,59,10,10,5,1,1,,8,3,17,
"Winn, Keaton","676775","2026",56,49,70,78,40,89,86,90,48,88,28,38,35,14,,56,71,65,
"Walker, Taijuan","592836","2026",,,,,,,,,68,,,,,,,,13,2,17
"Halvorsen, Seth","678020","2026",,,,,,,,,54,,,,,,,,98,55,
"Seabold, Connor","657756","2026",,,,,,,,,33,,,,,,,,35,19,
"Heuer, Codi","676051","2026",,,,,,,,,81,,,,,,,,66,84,
"Schreiber, John","670167","2026",14,12,16,20,8,68,57,27,52,21,19,15,26,4,,14,33,44,
"Loáisiga, Jonathan","642528","2026",79,57,72,76,83,83,87,86,29,79,24,90,35,93,,79,92,67,61
"Quantrill, Cal","615698","2026",36,31,29,30,44,38,48,58,41,73,10,65,8,37,,36,39,11,21
"Funderburk, Kody","681892","2026",61,73,87,89,20,89,78,98,18,97,32,4,32,3,,61,26,76,
"Murphy, Chris","669684","2026",,,,,,,,,74,,,,,,,,75,79,49
"Ahlstrom, Robby","695239","2026",,,,,,,,,48,,,,,,,,48,20,
"Klassen, George","691946","2026",,,,,,,,,39,,,,,,,,82,58,
"Díaz, Edwin","621242","2026",,,,,,,,,85,,,,,,,,78,65,
"Suárez, Albert","544150","2026",26,26,26,27,39,48,41,31,33,27,7,41,28,11,,26,35,58,10
"Cecconi, Slade","677944","2026",21,12,15,15,35,8,28,41,26,37,18,62,12,18,,21,31,65,24
"Pagán, Emilio","641941","2026",,,,,,,,,77,,,,,,,,55,97,
"Kent, Zak","687849","2026",,,,,,,,,76,,,,,,,,25,100,
"Bachar, Lake","669199","2026",65,83,53,25,79,38,17,36,45,66,69,49,85,26,,65,48,100,92
"Holton, Tyler","663947","2026",73,44,73,86,70,68,83,72,47,50,28,94,37,35,,73,8,15,
"Cosgrove, Tom","676680","2026",,,,,,,,,59,,,,,,,,1,95,
"Way, Beck","694360","2026",,,,,,,,,36,,,,,,,,87,13,
"Hill, Tim","657612","2026",34,25,26,29,44,59,54,27,14,13,1,89,1,30,,34,1,7,
"Fernandez, Ryan","681676","2026",,,,,,,,,67,,,,,,,,51,20,
"Manaea, Sean","640455","2026",33,39,32,32,40,15,22,46,9,33,54,61,28,63,,33,6,6,
"Beck, Brendan","694341","2026",,,,,,,,,45,,,,,,,,20,23,
"Weathers, Ryan","677960","2026",39,31,29,30,58,13,37,32,9,25,72,72,66,37,,39,58,69,
"Woodruff, Brandon","605540","2026",92,91,69,42,97,68,46,21,67,79,80,91,38,86,,92,15,62,
"Beeks, Jalen","656222","2026",,,,,,,,,1,,,,,,,,31,21,
"Keller, Brad","641745","2026",,,,,,,,,75,,,,,,,,86,73,
"Fulton, Dax","690978","2026",,,,,,,,,46,,,,,,,,56,71,
"Pallette, Peyton","688883","2026",,,,,,,,,41,,,,,,,,66,51,81
"Sewald, Paul","623149","2026",29,64,3,1,89,38,1,3,53,20,80,92,70,70,,29,10,98,
"Pivetta, Nick","601713","2026",,,,,,,,,85,,,,,,,,43,68,81
"Black, Mason","696131","2026",,,,,,,,,67,,,,,,,,41,14,
"Vesia, Alex","681911","2026",89,99,95,83,63,89,66,64,17,65,95,1,97,63,,89,15,93,
"McGreevy, Michael","700241","2026",5,4,3,6,27,1,13,15,3,14,12,85,6,34,,5,9,35,41
"Brazobán, Huascar","623211","2026",92,91,96,97,77,96,97,99,35,99,53,22,53,69,,92,78,51,
"Marinaccio, Ron","676760","2026",15,20,27,39,11,52,57,38,19,31,19,34,48,12,,15,38,25,
"Soriano, José","667755","2026",32,41,46,50,21,15,43,49,24,48,63,17,88,75,,32,84,6,19
"De Los Santos, Enyel","660853","2026",75,53,53,54,87,68,81,67,61,65,50,92,78,80,,75,60,40,
"Garcia, Robert","676395","2026",,,,,,,,,62,,,,,,,,45,43,
"Pushard, Matt","690155","2026",,,,,,,,,85,,,,,,,,58,33,
"Svanson, Matt","694335","2026",3,1,8,32,2,63,60,8,55,8,31,27,7,5,,3,80,46,
"Freeland, Kyle","607536","2026",12,6,6,10,36,1,9,19,22,21,24,96,31,84,,12,11,76,20
"Alexander, Jason","669920","2026",,,,,,,,,55,,,,,,,,9,27,
"Brown, Ben","676962","2026",81,73,80,83,80,48,54,15,20,17,65,68,66,52,,81,81,27,15
"Santana, Dennis","642701","2026",9,19,12,11,9,52,21,25,61,30,32,17,54,87,,9,43,84,
"Hicks, Jordan","663855","2026",89,83,98,100,36,100,100,53,45,87,74,2,42,41,,89,98,4,
"Vanasco, Ricky","676568","2026",,,,,,,,,84,,,,,,,,37,28,
"Burns, Chase","695505","2026",82,85,78,64,83,23,45,41,20,61,86,40,90,86,,82,92,99,
"Jones, Jared","683003","2026",67,74,49,30,81,48,43,32,6,44,73,62,84,41,,67,95,97,93
"Burrows, Mike","681347","2026",21,20,19,17,31,20,37,58,14,48,16,52,21,68,,21,55,39,92
"Suter, Brent","608718","2026",41,19,36,55,44,52,76,92,44,92,35,72,31,37,,41,1,19,
"Gage, Matt","657424","2026",,,,,,,,,49,,,,,,,,19,19,
"Edwards Jr., Carl","605218","2026",,,,,,,,,94,,,,,,,,21,97,
"Rojas, Kendry","696070","2026",,,,,,,,,80,,,,,,,,71,30,
"Kelly, Kevin","687330","2026",69,25,62,86,68,68,71,32,21,11,39,98,9,68,,69,12,6,
"Webb, Jacob","657097","2026",65,51,59,64,70,68,68,44,36,17,82,59,95,87,,65,45,90,53
"Yates, Kirby","489446","2026",,,,,,,,,26,,,,,,,,7,59,
"Coulombe, Danny","543056","2026",,,,,,,,,27,,,,,,,,3,42,
"Englert, Mason","669438","2026",4,7,1,1,42,38,1,38,25,52,35,96,42,97,,4,17,40,73
"Schweitzer, Tyler","805326","2026",,,,,,,,,52,,,,,,,,45,83,
"Richards, Trevor","670950","2026",67,70,52,41,79,59,53,19,76,41,51,52,37,39,,67,16,44,
"Santillan, Tony","663574","2026",,,,,,,,,52,,,,,,,,52,65,
"Gómez, Yoendrys","672782","2026",14,35,23,14,10,48,32,58,8,12,42,12,48,24,,14,66,88,
"Petersen, Michael","656848","2026",81,97,75,37,83,52,13,4,45,26,92,19,79,72,,81,93,75,
"Lopez, Jacob","682052","2026",75,83,86,80,59,52,88,97,46,95,33,13,43,14,,75,5,26,
"McGee, Easton","668834","2026",,,,,,,,,5,,,,,,,,26,89,
"O'Brien, Riley","676617","2026",36,55,66,69,12,76,68,67,58,40,61,30,67,26,,36,94,30,
"Natera Jr., Samy","696519","2026",,,,,,,,,57,,,,,,,,55,64,
"Lord, Brad","695418","2026",43,42,47,50,40,59,70,71,3,32,40,55,14,63,,43,48,78,
"Peralta, Freddy","642547","2026",52,46,53,59,46,25,73,67,8,48,44,41,56,50,,52,45,86,12
"Thompson, Ryan","657044","2026",50,10,53,86,24,89,91,58,29,81,7,72,9,92,,50,2,3,
"Littell, Zack","641793","2026",3,5,2,3,15,2,15,2,5,12,4,64,1,52,,3,12,3,
"Griffin, Foster","656492","2026",44,31,31,36,61,5,26,64,1,51,46,90,40,69,,44,10,9,19
"Shuster, Jared","694363","2026",,,,,,,,,77,,,,,,,,26,15,
"Bradley, Taj","671737","2026",56,66,55,46,59,8,25,6,24,6,77,29,58,34,,56,89,60,23
"Woo, Bryan","693433","2026",68,48,50,52,80,21,63,27,11,13,64,94,45,81,,68,75,50,
"Krook, Matt","640454","2026",,,,,,,,,29,,,,,,,,3,3,
"Rolison, Ryan","669020","2026",58,57,69,72,48,76,63,41,27,27,68,22,28,6,,58,53,49,66
"Leiter Jr., Mark","643410","2026",,,,,,,,,49,,,,,,,,17,3,16
"Soto, Gregory","642397","2026",86,92,91,88,71,89,87,86,4,64,87,28,71,44,,86,84,62,
"Aleman, Franco","680916","2026",,,,,,,,,77,,,,,,,,78,94,
"Voth, Austin","608723","2026",,,,,,,,,65,,,,,,,,13,59,
"Johnson, Pierce","572955","2026",,,,,,,,,58,,,,,,,,66,65,86
"Gusto, Ryan","687473","2026",38,20,30,44,48,48,39,17,62,11,32,81,15,57,,38,39,70,46
"Bernardino, Brennan","657514","2026",50,25,46,63,46,76,84,84,42,90,16,78,27,5,,50,4,27,65
"Curry, Xzavion","675540","2026",,,,,,,,,70,,,,,,,,7,15,
"Ureña, Walbert","700712","2026",76,89,92,90,46,48,88,86,9,83,46,10,71,52,,76,93,31,
"Quintana, Jose","500779","2026",15,10,19,32,17,52,37,61,3,86,1,36,17,65,,15,3,16,4
"Kittredge, Andrew","552640","2026",56,23,41,60,55,83,75,52,9,40,26,72,34,100,,56,56,69,
"Detmers, Reid","672282","2026",72,75,61,46,81,13,39,21,25,47,86,59,80,61,,72,41,17,42
"Paddack, Chris","663978","2026",17,7,15,27,23,38,37,49,2,61,5,70,20,77,,17,25,28,2
"Ross, Joe","605452","2026",,,,,,,,,74,,,,,,,,66,18,
"Vásquez, Randy","681190","2026",3,3,2,4,14,2,8,2,12,7,4,75,9,19,,3,58,85,97
"Granillo, Andre","701552","2026",,,,,,,,,72,,,,,,,,45,42,
"Gamboa, Alec","687941","2026",,,,,,,,,52,,,,,,,,69,14,
"Schultz, Paxton","687606","2026",17,9,14,19,22,68,37,6,69,44,37,59,6,16,,17,35,41,
"May, Dustin","669160","2026",52,42,56,67,46,25,62,17,7,6,52,57,32,48,,52,85,71,97
"Borucki, Ryan","621366","2026",,,,,,,,,48,,,,,,,,33,48,
"Vodnik, Victor","680767","2026",38,39,56,70,17,76,73,11,50,37,12,13,44,21,,38,96,41,
"Dreyer, Jack","676263","2026",77,72,61,50,81,68,50,36,29,30,89,66,71,69,,77,41,90,47
"Webb, Logan","657277","2026",63,35,59,76,65,30,83,64,11,51,26,89,13,77,,63,16,2,
"Gibson, Trey","694346","2026",1,3,4,10,1,63,19,4,24,3,22,1,30,21,,1,56,4,28
"Santa, Alimber","695001","2026",,,,,,,,,72,,,,,,,,47,1,
"Franco, Jose","683742","2026",,,,,,,,,67,,,,,,,,60,72,
"Bassitt, Chris","605135","2026",14,6,36,74,4,76,92,78,13,79,4,50,18,2,,14,13,10,14
"Drake, Kohl","684442","2026",,,,,,,,,72,,,,,,,,11,48,42
"Gaddis, Hunter","683769","2026",29,21,34,48,21,59,24,87,12,91,44,33,82,52,,29,60,44,
"Peguero, Joel","666711","2026",,,,,,,,,80,,,,,,,,99,42,
"Pomeranz, Drew","519141","2026",,,,,,,,,58,,,,,,,,16,98,8
"Rivera, Eduardo","700842","2026",,,,,,,,,27,,,,,,,,64,36,
"Cleavinger, Garrett","664076","2026",59,70,63,55,52,83,39,89,32,44,95,22,81,80,,59,71,78,
"Paredes, Mike","702474","2026",10,8,16,30,10,76,62,2,42,1,1,50,10,28,,10,26,15,
"Bazardo, Eduard","660825","2026",39,31,26,24,63,46,25,27,50,55,53,83,19,28,,39,66,30,
"Peoples, Ben","687239","2026",,,,,,,,,76,,,,,,,,80,62,
"Rajcic, Max","691008","2026",,,,,,,,,85,,,,,,,,66,40,
"Shugart, Chase","663767","2026",39,72,32,12,53,52,5,90,71,83,83,36,49,5,,39,68,13,
"Crow, Coleman","689441","2026",,,,,,,,,24,,,,,,,,9,98,93
"Hill, Jaden","677955","2026",,,,,,,,,11,,,,,,,,90,80,
"Thompson, Keegan","624522","2026",,,,,,,,,31,,,,,,,,17,90,
"Gibson, Cade","806188","2026",,,,,,,,,65,,,,,,,,17,62,98
"Skubal, Tarik","669373","2026",89,68,76,76,94,32,50,82,33,72,93,99,92,94,,89,84,49,44
"Uribe, Abner","682842","2026",94,77,96,99,72,99,99,82,25,90,68,36,59,22,,94,97,57,
"Helsley, Ryan","664854","2026",,,,,,,,,87,,,,,,,,97,98,
"Hurt, Kyle","669165","2026",65,81,77,66,48,83,57,27,61,25,84,9,97,33,,65,81,9,
"Kilian, Caleb","668873","2026",69,78,67,54,66,59,32,71,60,76,78,25,69,72,,69,83,79,69
"Castro, Kervin","665645","2026",,,,,,,,,32,,,,,,,,38,74,
"Abel, Mick","690953","2026",,,,,,,,,64,,,,,,,,53,93,
"Bellozo, Valente","678368","2026",,,,,,,,,47,,,,,,,,3,7,
"Smith, Burch","572143","2026",,,,,,,,,71,,,,,,,,38,69,32
"Milner, Hoby","571948","2026",,,,,,,,,58,,,,,,,,1,1,
"Javier, Cristian","664299","2026",,,,,,,,,46,,,,,,,,26,32,
"Liberatore, Matthew","669461","2026",17,15,16,17,23,12,29,15,31,23,45,46,31,41,,17,48,13,96
"Hoppe, Alex","695380","2026",,,,,,,,,57,,,,,,,,93,38,
"Barnes, Charlie","656212","2026",,,,,,,,,15,,,,,,,,2,4,
"Backhus, Kyle","679775","2026",,,,,,,,,74,,,,,,,,6,26,
"Petty, Chase","695534","2026",,,,,,,,,25,,,,,,,,81,23,
"Ragans, Cole","666142","2026",,,,,,,,,36,,,,,,,,56,98,30
"Sugano, Tomoyuki","608372","2026",1,1,1,1,11,1,1,8,1,14,2,92,5,12,,1,19,75,68
"López, Reynaldo","625643","2026",29,28,26,27,35,41,48,72,10,65,42,34,22,16,,29,45,8,11
"Gore, MacKenzie","669022","2026",62,61,57,55,65,6,26,41,4,23,73,46,59,61,,62,66,37,10
"Madden, Ty","680744","2026",,,,,,,,,50,,,,,,,,25,55,
"Hiraldo, Yaramil","682274","2026",,,,,,,,,90,,,,,,,,71,67,
"Gil, Luis","661563","2026",,,,,,,,,11,,,,,,,,56,86,
"Minter, A.J.","621345","2026",,,,,,,,,81,,,,,,,,28,86,
"McCullers Jr., Lance","621121","2026",31,53,55,57,12,68,49,11,32,3,66,4,69,12,,31,9,10,83
"Weiss, Ryan","680802","2026",,,,,,,,,60,,,,,,,,53,82,
"De los Santos, Yerry","660787","2026",,,,,,,,,41,,,,,,,,68,12,
"Anderson, Drew","623454","2026",69,78,71,59,70,41,39,15,5,47,77,41,73,88,,69,71,49,72
"Varland, Gus","681402","2026",,,,,,,,,50,,,,,,,,60,58,
"Sproat, Brandon","687075","2026",21,46,37,38,12,28,30,21,14,16,63,15,48,5,,21,81,4,43
"Bidois, Brandan","684049","2026",,,,,,,,,50,,,,,,,,86,69,
"Wesneski, Hayden","669713","2026",,,,,,,,,73,,,,,,,,29,12,
"Phillips, Evan","623465","2026",,,,,,,,,11,,,,,,,,85,81,
"Drohan, Shane","675660","2026",71,62,66,66,78,25,30,64,15,59,59,68,67,75,,71,55,82,91
"Sabrowski, Erik","681870","2026",,,,,,,,,52,,,,,,,,43,97,61
"Kerkering, Orion","689147","2026",81,94,93,88,57,83,80,97,39,97,67,10,66,31,,81,87,64,
"Bubic, Kris","663460","2026",32,48,44,44,20,63,46,34,12,42,66,10,56,30,,32,12,76,
"Ramos, Wilkin","678576","2026",,,,,,,,,94,,,,,,,,55,19,
"Sears, JP","676664","2026",,,,,,,,,50,,,,,,,,23,1,
"Pearson, Nate","663878","2026",,,,,,,,,47,,,,,,,,91,50,
"Hoffmann, Andrew","694851","2026",,,,,,,,,48,,,,,,,,51,50,
"Murray, Jayden","681151","2026",,,,,,,,,62,,,,,,,,64,88,
"Boyd, Matthew","571510","2026",26,17,24,30,36,28,21,63,26,53,33,72,30,80,,26,23,61,18
"Walker, Ryan","676254","2026",,,,,,,,,52,,,,,,,,62,69,
"Gray, Peyton","682608","2026",85,64,83,89,75,83,85,95,52,88,56,75,55,75,,85,25,64,
"Suarez, Ranger","624133","2026",68,35,74,90,58,46,88,89,15,85,66,72,33,65,,68,7,5,4
"Gasser, Robert","688107","2026",44,37,41,49,52,52,75,87,50,85,40,84,23,26,,44,20,24,
"Guerrero, Tyron","594027","2026",,,,,,,,,50,,,,,,,,99,34,
"Patrick, Chad","694477","2026",52,46,52,57,46,44,71,53,3,62,44,33,57,58,,52,66,39,
"Bennett, Jake","687562","2026",87,68,73,70,92,52,84,71,3,71,18,94,35,95,,87,23,11,
"Cook, Alex","702047","2026",,,,,,,,,88,,,,,,,,62,62,
"Wilcox, Cole","677961","2026",,,,,,,,,8,,,,,,,,83,7,
"Rodón, Carlos","607074","2026",65,81,86,84,41,89,84,24,35,70,78,6,78,31,,65,43,68,
"Sands, Cole","663485","2026",,,,,,,,,69,,,,,,,,25,43,
"Alvarado, José","621237","2026",59,73,79,81,25,89,86,74,24,97,79,24,80,75,,59,94,4,
"Roberts, Ethan","681799","2026",,,,,,,,,60,,,,,,,,35,92,
"Williams, Trevor","592866","2026",,,,,,,,,60,,,,,,,,3,22,
"Stanek, Ryne","592773","2026",33,60,43,35,22,63,43,27,11,62,62,6,76,36,,33,93,56,
"Alvarado, Elvis","665660","2026",18,87,12,1,55,41,1,13,12,1,92,13,92,51,,18,97,88,
"Rodriguez, Bradgley","699134","2026",99,98,98,96,99,96,97,84,86,95,70,62,76,77,,99,94,72,
"Cole, Gerrit","543037","2026",74,49,56,60,86,35,29,17,11,15,75,94,21,19,,74,85,63,84
"Pérez, Cionel","672335","2026",13,17,7,8,34,41,2,1,8,1,49,43,48,46,,13,85,25,64
"Seymour, Ian","693855","2026",71,76,53,37,78,25,15,55,39,50,86,55,80,77,,71,7,13,
"Sterner, Justin","686993","2026",69,68,41,20,87,52,24,15,30,7,43,70,82,83,,69,33,67,
"Okert, Steven","595345","2026",93,91,80,63,96,83,90,74,49,82,73,94,83,34,,93,8,38,
"Faucher, Calvin","676534","2026",48,52,81,90,10,83,83,38,39,35,70,4,60,21,,48,78,65,95
"Kinley, Tyler","641755","2026",78,87,66,44,74,76,54,97,60,97,58,22,69,10,,78,48,78,78
"Cameron, Noah","702070","2026",35,25,27,32,46,6,34,36,3,51,40,62,54,35,,35,20,61,13
"Blewett, Scott","656240","2026",,,,,,,,,84,,,,,,,,60,35,
"Mayza, Tim","641835","2026",78,62,59,57,85,59,56,41,46,11,64,84,44,21,,78,47,7,
"Johnson, Ryan","696270","2026",6,21,6,6,13,32,5,72,15,65,14,21,43,26,,6,16,35,
"Fairbanks, Pete","664126","2026",35,80,21,3,63,52,2,1,5,11,94,30,87,75,,35,90,81,
"Painter, Andrew","691725","2026",20,19,18,17,25,28,32,82,21,74,28,46,35,67,,20,78,37,60
"Eisert, Brandon","685126","2026",,,,,,,,,48,,,,,,,,3,11,
"Mejia, Juan","675848","2026",32,29,63,83,6,94,96,41,50,58,42,9,52,59,,32,89,89,
"Knack, Landon","689017","2026",,,,,,,,,86,,,,,,,,30,85,
"Abner, Philip","691769","2026",,,,,,,,,14,,,,,,,,5,73,
"Kranick, Max","668820","2026",,,,,,,,,87,,,,,,,,64,22,
"Civale, Aaron","650644","2026",18,12,10,11,41,15,17,19,30,7,16,80,15,56,,18,10,66,95
"Brash, Matt","666374","2026",,,,,,,,,39,,,,,,,,89,40,
"Kuhnel, Joel","669270","2026",7,2,19,54,3,83,75,41,23,42,3,62,28,37,,7,60,47,
"Brubaker, JT","664141","2026",23,15,25,39,19,63,76,67,14,67,9,28,20,54,,23,35,32,69
"Fisher, Braydon","680755","2026",55,77,77,71,24,41,11,78,64,64,50,5,61,41,,55,53,33,36
"Strzelecki, Peter","657265","2026",,,,,,,,,55,,,,,,,,19,70,
"Legumina, Casey","668984","2026",29,11,28,47,24,52,53,79,1,60,9,87,16,69,,29,29,72,
"Sommers, Drew","805427","2026",,,,,,,,,88,,,,,,,,56,26,
"Hader, Josh","623352","2026",,,,,,,,,89,,,,,,,,58,47,
"Teng, Kai-Wei","678906","2026",25,44,43,45,14,44,46,25,17,43,47,28,48,22,,25,30,88,57
"Anderson, Shaun","641312","2026",,,,,,,,,6,,,,,,,,30,95,
"Blanco, Ronel","669854","2026",,,,,,,,,76,,,,,,,,33,51,4
"Morris, Kade","695034","2026",,,,,,,,,83,,,,,,,,48,22,
"Bibee, Tanner","676440","2026",39,34,28,27,58,5,34,34,4,47,30,77,44,16,,39,35,18,50
"Ramírez, Yohan","670990","2026",77,85,94,95,20,76,86,99,48,94,82,7,69,41,,77,82,56,31
"Roycroft, Chris","688297","2026",,,,,,,,,74,,,,,,,,69,23,
"Criswell, Cooper","681867","2026",,,,,,,,,41,,,,,,,,7,13,
"Akin, Keegan","669211","2026",,,,,,,,,66,,,,,,,,37,70,
"Adam, Jason","592094","2026",,,,,,,,,4,,,,,,,,31,94,
"Treinen, Blake","595014","2026",,,,,,,,,52,,,,,,,,56,53,
"Leasure, Jordan","673929","2026",,,,,,,,,5,,,,,,,,74,56,
"King, John","667463","2026",62,74,46,23,74,59,34,41,50,55,21,68,23,84,,62,5,24,88
"Morgan, Eli","669212","2026",,,,,,,,,55,,,,,,,,8,48,
"Mahle, Tyler","641816","2026",55,48,51,52,58,30,60,24,49,60,55,45,32,24,,55,22,59,
"Young, Danny","664849","2026",,,,,,,,,87,,,,,,,,35,67,
"Lambert, Peter","663567","2026",74,87,75,54,75,30,62,46,8,59,56,38,52,45,,74,38,48,
"Ober, Bailey","641927","2026",25,30,8,5,66,6,10,55,5,75,9,87,11,26,,25,1,41,
"Waguespack, Jacob","621097","2026",,,,,,,,,76,,,,,,,,25,18,
"Kelly, Merrill","518876","2026",1,1,1,1,2,1,3,15,10,7,5,30,19,85,,1,16,67,49
"Muñoz, Andrés","662253","2026",81,85,85,78,79,76,34,61,32,20,99,34,100,98,,81,99,58,
"Medina, Luis","665622","2026",32,46,36,32,25,52,30,21,42,46,80,17,84,4,,32,91,81,51
"Megill, Trevor","656730","2026",96,92,89,78,96,89,85,6,42,25,89,80,91,94,,96,93,80,71
"Dodd, Dylan","689266","2026",,,,,,,,,19,,,,,,,,38,25,
"Fluharty, Mason","689254","2026",91,95,88,69,92,63,46,95,32,89,80,30,75,88,,91,,,
"Bradford, Cody","674003","2026",,,,,,,,,37,,,,,,,,2,5,
"Montero, Keider","672456","2026",71,62,50,44,83,15,50,49,27,52,14,91,9,17,,71,48,37,90
"Banks, Tanner","621383","2026",,,,,,,,,75,,,,,,,,12,6,
"Lowder, Rhett","695076","2026",12,17,12,12,17,15,19,11,15,52,20,34,12,17,,12,28,42,
"Rasmussen, Drew","656876","2026",85,65,73,72,92,28,68,64,32,86,74,98,49,77,,85,71,90,56
"Ritchie, JR","702275","2026",15,48,36,30,5,44,22,31,32,42,36,3,34,5,,15,48,65,59
"Foley, Jason","671345","2026",,,,,,,,,79,,,,,,,,75,24,
"Kerry, Brett","695049","2026",,,,,,,,,52,,,,,,,,12,25,
"Duran, Jhoan","661395","2026",99,93,99,99,99,97,97,9,42,32,99,99,98,86,,99,99,9,65
"Boyle, Joe","671212","2026",,,,,,,,,71,,,,,,,,89,94,
"Kremer, Dean","665152","2026",41,49,18,8,75,63,50,82,69,78,63,68,65,56,,41,23,36,83
"Kochanowicz, Jack","686799","2026",5,11,21,30,2,44,53,34,39,18,9,11,38,6,,5,75,28,
"Yarbrough, Ryan","642232","2026",75,66,88,92,50,94,95,100,46,100,8,34,31,14,,75,1,1,
"Woodford, Jake","663765","2026",,,,,,,,,55,,,,,,,,37,7,
"Garcia, Brandyn","805299","2026",,,,,,,,,9,,,,,,,,90,53,
"McLean, Nolan","690997","2026",67,74,75,69,61,23,60,67,23,69,85,43,46,25,,67,68,42,100
"Beeter, Clayton","690925","2026",,,,,,,,,25,,,,,,,,69,82,
"Castillo, Luis","622491","2026",29,21,20,17,42,6,19,19,29,27,37,68,47,66,,29,66,34,
"Acton, Garrett","670183","2026",,,,,,,,,62,,,,,,,,45,92,
"Maton, Phil","664208","2026",,,,,,,,,60,,,,,,,,4,57,98
"Palencia, Daniel","694037","2026",,,,,,,,,74,,,,,,,,99,73,
"Messick, Parker","800048","2026",86,72,79,81,87,35,84,79,39,85,68,72,53,61,,86,37,15,11
"Raley, Brooks","548384","2026",76,78,79,74,70,89,86,93,47,96,64,46,37,56,,76,4,83,
"Seymour, Carson","693313","2026",,,,,,,,,73,,,,,,,,75,34,
"Lee, Chase","695445","2026",,,,,,,,,7,,,,,,,,4,73,
"Iglesias, Raisel","628452","2026",79,74,70,61,87,52,14,67,33,63,78,70,85,99,,79,48,67,
"Sandoval, Patrick","663776","2026",,,,,,,,,68,,,,,,,,39,10,
"Bachman, Sam","696147","2026",64,80,88,86,29,68,50,94,12,89,53,5,93,61,,64,97,72,
"Alcantara, Sandy","645261","2026",65,40,63,77,68,15,79,58,39,68,25,85,23,61,,65,91,49,26
"Hart, Kyle","606996","2026",86,89,82,66,87,76,73,84,6,98,47,53,18,25,,86,39,27,
"Allard, Kolby","663465","2026",,,,,,,,,46,,,,,,,,3,1,
"Waldichuk, Ken","686610","2026",,,,,,,,,41,,,,,,,,,,18
"Márquez, Germán","608566","2026",5,16,5,5,14,38,17,44,16,11,8,27,8,7,,5,51,21,55
"Martin, Chris","455119","2026",,,,,,,,,53,,,,,,,,47,26,
"Hancock, Emerson","676106","2026",50,41,32,29,69,13,34,32,8,25,49,86,33,22,,50,62,73,50
"De Jesus, Enmanuel","646241","2026",52,44,48,54,57,76,54,13,81,9,56,55,46,46,,52,45,64,
"Garrett, Braxton","666129","2026",,,,,,,,,44,,,,,,,,10,45,
"Hanifee, Brenan","669724","2026",,,,,,,,,54,,,,,,,,62,8,
"Moll, Sam","594580","2026",34,62,70,71,8,76,63,67,57,87,48,10,38,8,,34,12,92,
"Orze, Eric","679358","2026",48,31,64,81,18,68,60,93,18,95,25,19,22,25,,48,25,48,91
"Kimbrel, Craig","518886","2026",,,,,,,,,79,,,,,,,,35,47,55
"Hentges, Sam","656529","2026",,,,,,,,,57,,,,,,,,41,19,15
"Lovelady, Richard","663992","2026",,,,,,,,,48,,,,,,,,9,60,
"Cuas, Jose","621016","2026",,,,,,,,,73,,,,,,,,17,82,
"Tidwell, Blade","694918","2026",,,,,,,,,1,,,,,,,,64,34,
"Mey, Luis","682825","2026",,,,,,,,,64,,,,,,,,98,56,
"Fermin, José","820862","2026",46,68,61,52,31,68,29,11,22,16,83,15,90,69,,46,81,62,
"Ginn, J.T.","669372","2026",52,53,67,74,35,35,80,82,30,77,38,26,67,46,,52,33,2,
"Lucchesi, Joey","664192","2026",,,,,,,,,83,,,,,,,,15,39,
"Ohtani, Shohei","660271","2026",95,90,95,95,90,76,93,78,41,82,84,62,85,46,,95,93,89,62
"Sanmartin, Reiver","665665","2026",,,,,,,,,86,,,,,,,,13,44,
"Keller, Mitch","656605","2026",7,5,13,32,7,18,53,32,35,21,16,52,13,41,,7,26,76,61
"Thielbar, Caleb","573204","2026",24,42,5,2,63,52,3,38,21,37,88,59,72,98,,24,30,60,54
"Rea, Colin","607067","2026",7,10,6,7,18,1,10,27,26,34,13,53,11,48,,7,33,22,3
"Topa, Justin","623437","2026",,,,,,,,,4,,,,,,,,31,27,
"Estrada, Jeremiah","669093","2026",,,,,,,,,89,,,,,,,,74,11,
"Anderson, Grant","681982","2026",82,81,77,66,79,63,49,49,39,57,41,36,52,41,,82,29,75,
"Miles, Spencer","693686","2026",87,57,85,93,81,76,94,92,66,80,55,81,6,26,,87,77,43,89
"Laweryson, Cody","689520","2026",,,,,,,,,76,,,,,,,,22,61,
"Lynch IV, Daniel","663738","2026",67,53,58,60,72,68,71,67,39,77,30,75,72,55,,67,52,38,9
"Gallen, Zac","668678","2026",1,1,1,5,4,2,7,7,15,9,2,72,8,57,,1,30,55,27
"Curvelo, Luis","681168","2026",,,,,,,,,7,,,,,,,,62,60,
"Sisk, Evan","681895","2026",83,93,97,96,53,97,97,97,33,92,80,26,60,2,,83,9,2,5
"Whitlock, Garrett","676477","2026",97,76,90,92,98,96,95,64,60,81,89,100,81,100,,97,58,25,
"Bieber, Shane","669456","2026",1,1,1,2,1,44,9,32,19,10,10,13,41,43,,1,19,77,38
"Antone, Tejay","622088","2026",85,83,75,60,85,83,63,74,53,74,43,77,61,95,,85,48,99,87
"Lawrence, Justin","664875","2026",2,16,14,13,1,63,15,21,2,17,64,1,58,1,,2,69,87,
"Pérez, Martín","527048","2026",39,31,52,67,29,38,80,61,1,57,22,28,24,11,,39,2,3,23
"Weaver, Luke","596133","2026",90,88,78,60,94,68,46,57,31,76,72,75,82,80,,90,64,87,
"Nance, Tommy","667297","2026",46,30,48,61,41,83,79,71,47,75,66,33,45,91,,46,52,40,87
"Dion, Will","702021","2026",,,,,,,,,42,,,,,,,,10,72,34
"Avila, Luinder","679883","2026",20,35,44,52,6,52,76,64,57,73,30,5,42,14,,20,80,89,73
"Bigge, Hunter","685801","2026",,,,,,,,,58,,,,,,,,82,80,
"Kikuchi, Yusei","579328","2026",,,,,,,,,2,,,,,,,,66,45,54
"Lodolo, Nick","666157","2026",2,4,6,14,1,37,25,13,3,46,22,41,24,37,,2,39,54,58
"Cruz, Fernando","518585","2026",79,97,90,67,59,63,39,95,69,100,87,2,99,39,,79,28,36,
"Sulser, Cole","642121","2026",33,31,11,7,63,41,4,80,47,44,64,70,64,92,,33,17,79,
"Gervase, Paul","801434","2026",,,,,,,,,90,,,,,,,,23,32,
"Hughes, Gabriel","687312","2026",,,,,,,,,66,,,,,,,,19,31,33
"Joyce, Ben","690829","2026",,,,,,,,,91,,,,,,,,98,14,
"Miller, Mason","695243","2026",100,100,100,100,100,97,94,97,60,98,100,32,100,92,,100,100,96,
"McClanahan, Shane","663556","2026",46,49,41,40,55,23,32,38,29,37,46,46,65,63,,46,69,35,40
"Rangel, Alan","660604","2026",,,,,,,,,58,,,,,,,,25,52,1
"Myers, Tobias","668964","2026",26,8,21,37,40,68,75,1,20,5,12,80,4,28,,26,23,38,
"Houser, Adrian","605288","2026",18,15,11,12,37,12,28,27,23,31,8,68,4,8,,18,60,36,1
"King, Michael","650633","2026",35,49,38,36,37,8,32,79,9,87,41,30,53,48,,35,31,51,
"Carrillo, Gerardo","672629","2026",,,,,,,,,84,,,,,,,,86,40,
"Thomas, Connor","671162","2026",,,,,,,,,70,,,,,,,,5,84,
"Mantiply, Joe","573009","2026",,,,,,,,,62,,,,,,,,2,20,25
"Herrin, Tim","682120","2026",39,80,65,46,16,68,41,64,49,58,29,5,85,31,,39,47,54,17
"Samaniego, Tyler","701719","2026",,,,,,,,,39,,,,,,,,30,27,
"Agnos, Zach","688642","2026",6,6,10,19,7,35,41,38,44,29,3,53,15,79,,6,45,64,
"Senzatela, Antonio","622608","2026",61,30,64,83,44,63,73,55,29,31,35,61,43,54,,61,87,52,39
"Armstrong, Shawn","542888","2026",,,,,,,,,39,,,,,,,,35,21,
"Scott, Christian","681035","2026",62,68,73,71,50,48,68,72,23,74,88,32,58,44,,62,64,56,67
"Foster, Cameron","671382","2026",,,,,,,,,83,,,,,,,,77,91,
"Warren, Austin","681810","2026",10,23,23,20,6,48,1,19,6,21,57,15,58,12,,10,41,62,79
"Meyer, Max","676974","2026",58,65,57,50,59,21,32,27,30,24,74,43,75,61,,58,53,98,
"Varland, Louis","686973","2026",99,93,98,98,97,89,92,74,24,68,94,72,76,96,,99,96,44,46
"Headrick, Brent","687396","2026",90,75,87,88,87,83,90,67,62,53,93,61,91,85,,90,43,67,
"Chivilli, Angel","683409","2026",,,,,,,,,9,,,,,,,,94,32,
"Parker, Mitchell","680730","2026",12,12,10,13,25,59,34,6,30,25,26,66,70,65,,12,35,22,8
"Matz, Steven","571927","2026",13,10,8,11,29,25,4,67,7,69,19,64,22,21,,13,31,30,11
"Tong, Jonah","804636","2026",,,,,,,,,90,,,,,,,,71,41,
"Barnett, Mason","686930","2026",23,51,24,10,22,59,14,46,41,55,42,12,28,10,,23,58,44,74
"Bolton, Cody","675989","2026",,,,,,,,,49,,,,,,,,53,58,
"Bowlan, Jonathan","680742","2026",97,94,93,88,97,94,87,94,67,80,95,87,95,89,,97,89,79,
"Rogers, Tyler","643511","2026",96,70,95,99,74,99,100,99,22,99,1,43,1,17,,96,1,2,
"Horton, Cade","690990","2026",,,,,,,,,55,,,,,,,,68,95,
"Matthews, Zebby","805673","2026",26,28,20,15,43,8,5,9,23,27,32,59,23,18,,26,62,54,20
"Snell, Blake","605483","2026",,,,,,,,,93,,,,,,,,77,95,
"Duarte, Daniel","650960","2026",,,,,,,,,70,,,,,,,,38,45,
"Watson, Ryan","670245","2026",6,7,6,9,15,32,7,44,11,53,16,61,38,65,,6,39,30,6
"Carrasco, Carlos","471911","2026",,,,,,,,,65,,,,,,,,7,33,
"Morgan, David","688158","2026",,,,,,,,,60,,,,,,,,87,70,51
"Sousa, Bennett","656986","2026",,,,,,,,,92,,,,,,,,39,21,
"Chandler, Bubba","696149","2026",46,61,62,60,31,32,76,46,7,57,34,11,37,36,,46,95,81,29
"Waldron, Matt","663362","2026",56,53,44,41,73,76,62,46,61,50,24,84,3,31,,56,14,5,
"Graceffo, Gordon","700669","2026",12,29,12,9,16,37,11,1,9,5,7,16,2,10,,12,64,5,76
"Estrada, Lazaro","681751","2026",,,,,,,,,83,,,,,,,,25,45,
"Assad, Javier","665871","2026",29,17,22,26,42,37,53,21,27,6,12,81,1,1,,29,30,8,36
"Cavalli, Cade","676917","2026",46,40,49,59,46,18,50,38,37,35,71,70,49,59,,46,83,42,7
"Banda, Anthony","607455","2026",33,57,57,58,14,83,57,17,2,46,39,33,61,15,,33,52,12,
"Pérez, Eury","691587","2026",65,83,64,42,72,15,19,61,17,42,81,38,74,74,,65,95,99,75
"Pfaadt, Brandon","694297","2026",65,59,56,55,74,30,48,53,29,72,6,78,12,49,,65,29,84,35
"Mederos, Victor","682989","2026",,,,,,,,,65,,,,,,,,86,91,
"Baz, Shane","669358","2026",43,26,38,52,44,15,66,13,1,21,35,57,24,50,,43,74,77,59
"Fuentes, Didier","800311","2026",89,79,80,76,90,83,80,49,62,66,94,70,82,54,,89,89,12,
"Canning, Griffin","656288","2026",26,37,28,26,25,32,19,17,14,4,47,26,48,11,,26,47,22,45
"Blackburn, Paul","621112","2026",72,64,75,77,66,59,73,92,32,83,33,38,23,24,,72,47,8,72
"Henriquez, Edgardo","683618","2026",95,99,99,98,73,97,98,100,68,99,75,16,78,82,,95,100,93,
"Harris, Hogan","663687","2026",59,82,85,80,21,76,71,82,49,85,90,3,68,1,,59,60,64,62
"Sims, Lucas","608371","2026",,,,,,,,,89,,,,,,,,43,96,
"Leahy, Kyle","681517","2026",14,9,12,17,27,5,14,3,16,2,38,72,26,11,,14,43,25,16
"Blubaugh, AJ","805123","2026",52,77,52,32,59,32,15,34,33,61,64,25,76,43,,52,71,44,
"Bummer, Aaron","607481","2026",,,,,,,,,74,,,,,,,,5,5,13
"Maxwell, Zach","687209","2026",,,,,,,,,50,,,,,,,,97,87,
"Clarke, Taylor","664199","2026",55,39,34,40,73,48,45,92,29,90,3,98,12,51,,55,62,33,
"Holmes, Clay","605280","2026",41,25,51,72,35,68,81,19,32,8,30,46,16,83,,41,35,16,94
"Simpson, Josh","681006","2026",,,,,,,,,22,,,,,,,,25,36,
"Mlodzinski, Carmen","669387","2026",13,4,22,49,12,25,54,7,35,3,18,54,15,45,,13,55,10,53
"Davila, Nick","689546","2026",,,,,,,,,66,,,,,,,,56,6,
"Winn, Cole","668390","2026",18,12,15,17,29,68,57,52,24,9,44,61,68,90,,18,64,79,
"Nelson, Ryne","669194","2026",10,23,3,2,48,18,14,11,27,14,14,85,16,84,,10,80,50,63
"Feltner, Ryan","663372","2026",8,21,5,3,31,10,8,76,44,45,9,36,34,7,,8,53,76,64
"Elder, Bryce","693821","2026",48,39,41,47,55,20,67,19,21,32,29,54,23,19,,48,12,19,
"Kelly, Zack","677161","2026",,,,,,,,,36,,,,,,,,75,27,
"Ray, Robbie","592662","2026",31,46,34,27,31,10,39,41,22,55,35,15,46,33,,31,26,56,3
"Bratt, Mitch","683352","2026",,,,,,,,,30,,,,,,,,8,64,
"Latz, Jacob","656641","2026",97,95,91,75,98,83,83,52,70,50,85,72,79,91,,97,53,62,80
"Mattson, Isaac","676755","2026",2,3,3,6,3,46,2,1,37,1,39,26,24,11,,2,43,72,
"Payamps, Joel","606303","2026",,,,,,,,,65,,,,,,,,38,82,
"Chapman, Aroldis","547973","2026",91,96,92,80,89,76,43,61,16,57,91,22,75,84,,91,91,88,
"Dotel, Wilber","696062","2026",,,,,,,,,80,,,,,,,,95,57,
"Mills, Wyatt","670090","2026",,,,,,,,,82,,,,,,,,4,1,
"Herget, Jimmy","623474","2026",36,60,37,25,27,59,9,46,6,53,41,12,60,37,,36,7,86,
"Crochet, Garrett","676979","2026",,,,,,,,,23,,,,,,,,69,77,
"Zerpa, Angel","672582","2026",,,,,,,,,9,,,,,,,,69,5,
"Morris, Andrew","702193","2026",87,74,90,93,75,89,93,90,37,82,50,49,24,7,,87,87,7,
"Nicolas, Kyle","693312","2026",,,,,,,,,50,,,,,,,,85,79,
"Zuber, Tyler","676604","2026",,,,,,,,,78,,,,,,,,58,70,
"Phillips, Connor","683175","2026",,,,,,,,,55,,,,,,,,95,92,
"Wheeler, Zack","554430","2026",94,85,89,85,95,41,80,87,53,74,92,83,88,95,,94,58,80,88
"Falter, Bailey","663559","2026",,,,,,,,,60,,,,,,,,17,16,
"Smith, Cade","671922","2026",84,86,76,58,92,52,22,1,19,5,98,55,96,59,,84,90,74,