file,bytes,digest_kind,sha256
.gitattributes,474,text-lf-sha256-v1,b4d6c955bb2b7974395a6b26547241e0bd217f444d550635bb7b1d3df11a12f3
.github/workflows/ci.yml,1041,text-lf-sha256-v1,45a8dcd6203956a771255fd2258c8768c6d9e1ae057d17edaf2fcb577c45def5
.gitignore,519,text-lf-sha256-v1,b1f8542599945f254ccd14f224fa4192589f47d8d242f56f62f6414ba5cb6c17
.python-version,5,text-lf-sha256-v1,7b55f8e67b5623c4bef3fa691288da9437d79d3aba156de48d481db32ac7d16d
README.md,6280,text-lf-sha256-v1,5391ffa0a6ef8159a5f417f286388c054c62a0c1b3bac8606c54e2c8c55229ed
config/analysis.json,958,text-lf-sha256-v1,b9a4cac0d635fa136cdbb9a33f767b24e60df10ff9d3a0c63c37f5688bd4b234
data/README.md,2349,text-lf-sha256-v1,8171848218adf2f390ad0e0d2a1f6a915c559e8a189161d706d01a7108f7b6bd
data/processed/analysis_summary.json,1530,text-lf-sha256-v1,5be1d0c822b35c9acd179d4658f88be1aa98e966a76286fa7a8dbcf1018596ec
data/processed/mlb_game_log_2026.csv,1589,text-lf-sha256-v1,37c5249bf03f63ed23bfb32210fbd30507c4f4e5f22a3e4f18493fb7ff5ee32a
data/processed/mlb_pitch_metrics_by_batter_hand.csv,718,text-lf-sha256-v1,30a10054155babc9e33acc2f61716cf1857d9234358f33bc4e1b55be3b80d8fc
data/processed/mlb_pitch_metrics_by_count.csv,1404,text-lf-sha256-v1,4870f2d415d23076fc7019f641369770ba9486f845af81c33a9c595435d1b521
data/processed/mlb_pitch_type_summary.csv,1008,text-lf-sha256-v1,047341c7564a1ec1ee90ea5856d407f6dc154b99629e246d40cf861e17284400
data/processed/mlb_process_metrics_by_role.csv,815,text-lf-sha256-v1,e35bcf3241651fddf30ff7b79c19c70eb9dc2a3062840e22a5e2898e6ad5c8fa
data/processed/mlb_times_through_order.csv,263,text-lf-sha256-v1,c391d2110aecedd85c4ca225cf625b46a9b958d9ce1d280005ebd867734e04a6
data/processed/npb_2025_vs_mlb_2026_outcomes.csv,178,text-lf-sha256-v1,a91f708563ac4dac96bc7cd123b2fc8f63c08e85f27ea900b1133b4edc44deb0
data/processed/npb_2025_vs_mlb_2026_pitch_mix.csv,837,text-lf-sha256-v1,873bc519af5c45cd9acdfae8712e8cbbc2872e6b6671f9cd2e8ecd805b103a48
data/processed/npb_basement_imai_2023_2025.json,13847,text-lf-sha256-v1,bd622834e6e6735d3818941514c003283564b61e497f801f9150d347d563e8f7
data/processed/npb_basement_imai_advanced_pitching_2023_2025.csv,527,text-lf-sha256-v1,507be3cd9353dc197cf92e7ef8cf94bd563fdae133ff889670f06752c3c27922
data/processed/npb_basement_imai_pitch_values_2023_2025.csv,1681,text-lf-sha256-v1,acad8af6fc4d132f997090b6e267c0e35e096803f9009a2b14e2233f6dffce5e
data/processed/npb_basement_imai_plate_discipline_2023_2025.csv,181,text-lf-sha256-v1,644d81874bc1ea77f0ea9fbaa735c422232f31dbd3907ab46bbbd75fad8e8905
data/processed/npb_imai_pitching_2018_2025.csv,2071,text-lf-sha256-v1,38f2c022fe312dd8a751e82cb6502c69512551ee4e35ed0c39e8f46b04a7aba5
docs/reproducibility.md,4797,text-lf-sha256-v1,af8e670401bc7495e7c102c250c555e59c2b1d2e9ddcc1c4a1caaa9c96a40f89
docs/research/ai_prompt_log.md,3879,text-lf-sha256-v1,a0e742bb5619993f19afb8d8139e43cf1d314eecb1f57449f962967661d532f1
docs/research/analysis_cycle_results.md,1928,text-lf-sha256-v1,3a40dac1c52c046a7e232bb8b977fd0e151a1fdfa2d41e97310d729f5c6a9ff5
docs/research/hypothesis_log.md,592,text-lf-sha256-v1,c80609ec8226d65676d84a44abe150ac639f1603ad3e1fd282ec65051e18f0c6
docs/research/research_protocol.md,2086,text-lf-sha256-v1,33230f712c572e64bcf53579a60bba7f8ae92bbc49266b59010c67e2d0194f0f
docs/research/source_register.md,2369,text-lf-sha256-v1,5b5234c60e1f3b0463176b6b4b2752233fc62af0d387feac29f6e385514b35bc
outputs/figures/figure_1_core_diagnosis.png,127908,file-sha256-v1,2f42cc9af61320b23a949e04fd4d327c717e2ee1c69cab17a0b792c9eb04fa95
outputs/figures/figure_2_role_platoon.png,113991,file-sha256-v1,56b534f9a58c0977e498ff2a80a27d88f5456b0de584bc4796e7306e2e1005d6
pyproject.toml,558,text-lf-sha256-v1,b8cba9cc045faeaf0477ff77e2b9824f6e09efa6aef22550679b705659308211
qa/data_reconciliation.csv,118,text-lf-sha256-v1,d007ac891c0304dbacc59362698a605286e20a080b868bebbaa43c56e004b904
reports/public/今井达也_MLB调整决策_完整分析底稿.docx,258801,zip-content-sha256-v1,199e8510e569134d504a070151ede8b9fa878db2243aec52e946c3b883499eae
reports/public/今井达也_MLB调整决策_正式文稿.docx,152768,zip-content-sha256-v1,85482f604d2eb0aa17216ee7d9f6177b16a0a1f19c9bf3bbb2e412b66fa2f8cb
reports/sources/formal_manuscript.md,4093,text-lf-sha256-v1,f2abdbe7c7d95f0a980b87f2fd6b04dfa8711fe351ae103ea7874468aba035a7
reports/sources/full_analysis_draft.md,16428,text-lf-sha256-v1,e3c4aefa68e5ad82be3734cc2368e495e34b9205e111e512c8cd6f97fa242697
requirements.txt,87,text-lf-sha256-v1,e6ed0d4ff31d9baf1cfe2e7cb79d6d795d7374dc2a9b5955daaaf0b38c11e9eb
scripts/analyze.py,29972,text-lf-sha256-v1,03b7d5ac51ba8f57e0524ed8deec2700e38a003c73cf66573c2491db8bc85764
scripts/build_reports.py,27183,text-lf-sha256-v1,45bd50618c4b470ad39503d7dad087ed228125dcbb3ea85508a6b31f39d00d83
scripts/fetch_data.py,13264,text-lf-sha256-v1,3e25e6f95fcb9e2fc0e0475eb865a8c2377d25bdfec662a35ddae058236f9313
scripts/run_pipeline.py,1994,text-lf-sha256-v1,80d720c356c8dabfa2e806b2d0194dcacbe581e1292f0d0031b404234e85fc18
scripts/verify_project.py,28143,text-lf-sha256-v1,3a75daa9826d6398a7be69c9b0315732410e96576ea929c8c79f6eb32fb88c78
tests/__init__.py,53,text-lf-sha256-v1,971b182aff98c90cdab6a64f8a154794561f04dbad681d03d887191c8cffc26d
tests/test_analysis_helpers.py,1154,text-lf-sha256-v1,1183ca0045b41170f0df7c6e7dea648614a3a04f656da61a495b8cbfa28ebd31
tests/test_project_integrity.py,5718,text-lf-sha256-v1,fc4acd83a7e5953a4c811c3fcdf2ff35579fd0195e875424be6d2a9bf63060e7
tests/test_run_pipeline.py,1015,text-lf-sha256-v1,ad3e5b6c0578e2a86700385bde61758d45f0ee7f26597221f7b5d07d0e05dae4
